text_length,text_quality,metadata_score,structure_score,field_score,suspicious_keywords,repeated_lines,abnormal_symbols,missing_fields,metadata_anomaly,tampering_indicators,risk_score,label
2540,46,14,33,43,4,7,5,3,4,6,76.9,Fake
2991,88,81,80,90,0,0,0,0,0,0,11.79,Genuine
2667,29,18,54,36,4,2,5,6,6,4,69.85,Fake
579,86,87,87,87,0,1,1,1,1,0,9.74,Genuine
738,93,91,95,85,0,1,0,1,0,0,13.11,Genuine
4770,95,92,84,97,0,1,1,0,1,1,16.17,Genuine
501,95,98,97,93,1,0,1,0,1,1,10.89,Genuine
3418,51,61,78,54,3,1,1,4,2,3,38.4,Suspicious
3230,65,63,51,63,3,3,2,4,1,3,46.57,Suspicious
4280,46,60,78,71,1,2,1,4,2,2,39.27,Suspicious
1848,83,86,85,98,1,0,1,1,0,1,21.64,Genuine
4050,49,69,68,47,3,0,3,2,3,2,32.7,Suspicious
1690,98,98,85,97,0,0,0,1,1,0,0.67,Genuine
2333,70,53,73,50,3,0,0,2,3,2,36.36,Suspicious
4008,15,17,48,48,6,6,5,5,4,9,81.28,Fake
2629,98,94,87,95,0,1,0,1,1,0,9.56,Genuine
4406,95,80,100,85,1,1,1,1,1,1,22.38,Genuine
4482,57,45,79,75,2,0,0,3,2,1,28.53,Suspicious
4883,87,93,81,96,1,1,0,0,0,0,13.58,Genuine
1126,99,92,96,91,1,1,0,1,0,0,11.49,Genuine
3890,92,97,99,93,1,0,0,1,1,0,14.21,Genuine
2408,23,47,47,59,5,2,7,7,6,5,68.36,Fake
2423,45,57,32,30,7,6,3,4,7,4,76.54,Fake
2579,61,73,57,58,3,3,1,4,3,1,34.09,Suspicious
3850,94,86,90,86,1,1,0,0,1,1,13.84,Genuine
1386,54,70,50,45,3,1,2,1,3,2,49.14,Suspicious
1467,79,47,51,65,3,2,0,1,1,3,37.97,Suspicious
3691,83,92,83,89,1,1,1,0,1,1,20.26,Genuine
2825,94,94,99,85,1,0,0,1,0,1,12.71,Genuine
4875,55,59,24,51,9,5,4,6,6,8,82.32,Fake
3514,85,90,85,85,1,1,1,1,1,1,16.82,Genuine
3283,87,80,99,96,0,1,0,0,0,1,16.63,Genuine
3762,56,51,69,78,2,3,1,4,1,1,33.31,Suspicious
1285,42,11,24,20,4,3,2,6,7,6,75.86,Fake
3590,57,14,33,58,9,2,5,5,4,5,82.4,Fake
3900,23,53,50,18,9,3,3,7,3,9,89.36,Fake
2907,81,86,80,92,1,0,0,1,0,1,21.83,Genuine
950,87,87,94,89,0,0,0,1,0,0,5.05,Genuine
323,78,77,50,60,3,1,3,2,3,3,40.14,Suspicious
2503,90,92,96,87,0,0,0,0,1,0,7.41,Genuine
3936,49,10,44,31,7,2,7,5,5,3,80.63,Fake
3061,48,43,71,50,2,0,3,4,2,2,37.97,Suspicious
951,100,88,91,89,0,1,1,0,0,1,13.5,Genuine
2021,80,52,47,77,2,1,3,2,1,3,41.98,Suspicious
842,73,62,62,79,3,0,3,3,2,1,35.97,Suspicious
580,84,93,83,92,1,0,0,1,0,0,14.22,Genuine
205,77,66,79,62,1,3,0,1,3,1,20.55,Suspicious
3480,22,55,50,22,8,7,2,3,5,8,87.79,Fake
4359,56,34,12,43,9,5,2,5,6,8,82.74,Fake
662,15,39,31,36,5,3,7,4,3,3,73.85,Fake
406,81,92,100,99,1,1,1,0,0,1,18.88,Genuine
2562,80,97,89,91,1,1,0,1,1,0,6.93,Genuine
4483,54,54,72,51,2,2,1,4,2,2,35.08,Suspicious
4426,54,40,36,15,5,4,5,3,6,8,83.15,Fake
889,97,92,89,92,1,0,1,1,1,0,11.1,Genuine
1999,99,90,97,99,0,0,1,1,1,1,7.41,Genuine
4500,61,42,78,69,1,1,1,2,3,1,26.88,Suspicious
2612,18,50,10,11,6,6,2,4,3,4,68.57,Fake
2515,47,29,35,41,9,7,4,3,6,9,86.9,Fake
1900,88,95,82,94,0,0,1,0,1,1,8.85,Genuine
208,77,52,69,68,4,0,3,2,2,1,33.11,Suspicious
1049,82,99,86,95,1,0,0,0,1,0,11.72,Genuine
3283,85,91,84,98,1,0,0,1,1,1,12.51,Genuine
3035,84,87,84,94,1,0,1,0,0,0,11.35,Genuine
459,77,60,76,67,1,3,2,4,2,1,38.02,Suspicious
2592,22,10,47,49,3,3,6,4,3,6,74.58,Fake
971,73,66,66,62,1,3,1,2,3,3,43.1,Suspicious
1645,90,81,80,99,0,1,1,0,0,0,15.11,Genuine
643,92,87,95,90,0,0,0,0,1,1,12.0,Genuine
2273,89,80,83,94,0,1,1,1,0,1,17.5,Genuine
526,81,86,98,91,1,1,1,0,0,1,15.98,Genuine
4933,62,46,54,51,1,2,0,3,1,3,39.8,Suspicious
154,90,96,96,90,1,0,1,1,1,1,12.84,Genuine
1135,69,78,72,77,2,0,0,2,3,1,24.39,Suspicious
2570,72,63,72,80,4,3,1,1,3,2,38.43,Suspicious
1373,46,42,61,63,3,3,0,1,2,3,46.45,Suspicious
990,23,12,43,42,4,2,6,4,6,5,74.95,Fake
3109,68,66,72,49,3,0,0,4,3,3,35.61,Suspicious
4833,77,68,47,74,3,1,1,4,3,3,39.17,Suspicious
1343,87,92,83,99,1,1,0,1,1,1,13.83,Genuine
1193,97,100,87,87,1,1,0,1,1,0,12.37,Genuine
868,44,36,43,37,9,2,4,4,5,5,73.63,Fake
4493,40,60,37,36,7,7,2,4,4,8,81.64,Fake
4105,73,41,61,75,4,2,3,4,3,2,53.81,Suspicious
163,72,65,50,78,4,3,2,3,1,1,41.06,Suspicious
2834,66,60,74,55,4,0,2,4,1,3,41.52,Suspicious
2590,99,81,90,86,0,1,1,0,0,0,9.45,Genuine
2647,100,81,89,98,1,0,1,0,0,1,15.34,Genuine
1839,52,58,59,66,3,1,0,4,2,3,40.74,Suspicious
281,100,83,100,86,1,0,1,0,1,1,8.14,Genuine
1399,54,78,71,80,1,3,3,3,3,3,37.9,Suspicious
2953,64,42,48,70,3,1,1,4,2,1,39.3,Suspicious
1065,48,57,50,79,2,2,2,2,1,2,33.81,Suspicious
2477,58,63,69,79,1,1,1,1,2,3,35.41,Suspicious
4201,98,92,97,98,1,1,1,1,1,0,9.71,Genuine
2215,56,58,22,23,6,5,2,7,6,6,73.73,Fake
2865,48,11,21,37,3,6,6,6,3,4,80.33,Fake
3734,54,39,10,29,3,6,5,5,3,4,64.56,Fake
1628,11,21,51,27,8,4,4,3,4,4,78.68,Fake
1246,87,96,86,85,1,0,1,0,0,0,9.5,Genuine
1114,89,100,92,99,1,1,1,1,1,0,9.64,Genuine
557,56,27,56,29,6,5,2,7,5,7,73.64,Fake
2410,57,74,68,45,2,3,2,2,2,2,43.29,Suspicious
2467,75,50,79,55,4,0,3,1,3,2,40.36,Suspicious
3623,47,41,77,63,1,3,0,4,1,3,43.39,Suspicious
3381,80,89,94,91,0,0,0,0,0,0,13.83,Genuine
462,66,71,60,59,2,1,3,2,1,3,38.46,Suspicious
4897,18,28,24,60,4,3,4,3,5,7,79.23,Fake
4449,98,99,88,87,1,1,0,0,1,0,10.98,Genuine
729,80,59,76,70,2,3,2,2,3,3,38.22,Suspicious
2565,64,65,59,51,3,1,0,3,2,3,45.8,Suspicious
3942,48,78,64,68,4,2,1,1,3,2,35.82,Suspicious
1180,86,91,90,90,0,0,0,0,0,1,13.13,Genuine
4622,51,75,74,51,3,3,3,3,3,1,38.68,Suspicious
2449,39,13,23,22,8,2,6,7,6,6,96.42,Fake
2221,49,38,46,14,8,2,4,7,4,8,93.89,Fake
2832,54,25,46,60,3,2,5,3,5,4,56.93,Fake
386,94,82,84,96,0,1,1,1,1,0,12.79,Genuine
1826,88,80,83,87,1,0,1,0,0,1,14.85,Genuine
4492,75,76,67,79,4,3,1,1,2,1,29.69,Suspicious
1370,81,88,92,100,0,1,0,0,0,0,3.05,Genuine
1437,80,97,93,89,0,1,0,1,0,0,3.81,Genuine
237,65,53,74,46,4,1,0,1,3,3,47.78,Suspicious
4809,80,87,84,100,1,1,0,0,1,1,11.79,Genuine
1194,65,70,55,72,4,3,3,3,2,2,47.71,Suspicious
3796,62,50,55,53,2,0,1,3,2,3,36.76,Suspicious
1735,46,62,79,76,4,2,0,4,2,3,48.13,Suspicious
240,16,10,28,39,4,3,6,7,5,8,83.61,Fake
1577,26,45,15,56,4,2,3,7,4,9,76.64,Fake
2651,97,85,85,93,1,0,1,1,1,0,13.89,Genuine
2835,97,88,97,87,0,1,1,0,0,0,15.81,Genuine
503,83,98,82,92,1,1,1,0,0,0,10.53,Genuine
2501,16,52,29,43,6,2,5,7,2,7,81.05,Fake
2136,48,50,54,72,3,2,2,4,2,3,46.01,Suspicious
2704,48,67,58,56,3,1,2,4,1,1,35.96,Suspicious
4935,61,79,45,57,2,3,2,2,1,2,39.64,Suspicious
4996,74,44,64,54,4,1,1,2,2,2,35.11,Suspicious
1672,21,55,58,23,5,5,6,7,2,8,77.44,Fake
3806,49,60,51,57,7,5,2,5,6,7,70.98,Fake
755,43,52,34,19,7,7,4,5,3,3,74.13,Fake
4334,92,87,89,91,0,1,0,0,1,1,9.31,Genuine
1941,67,60,76,61,3,2,0,3,1,2,33.95,Suspicious
2895,28,24,44,58,8,5,7,6,6,6,88.67,Fake
2863,45,43,53,80,3,1,3,4,1,1,42.5,Suspicious
4083,40,25,30,50,9,6,2,7,3,3,78.37,Fake
4557,15,16,25,15,5,5,7,5,5,4,83.66,Fake
355,12,17,14,14,3,6,3,5,2,6,83.15,Fake
4029,62,48,72,63,4,3,0,4,1,3,42.58,Suspicious
1046,39,35,39,60,4,5,2,4,3,9,75.59,Fake
4161,23,15,25,50,6,6,6,6,6,5,81.87,Fake
4096,68,78,77,63,2,2,2,3,1,2,39.13,Suspicious
4942,53,57,60,76,2,3,2,4,1,1,40.15,Suspicious
3806,61,50,47,54,2,3,3,4,3,2,42.06,Suspicious
865,34,12,14,14,5,4,3,3,6,3,75.17,Fake
3169,84,90,91,86,1,0,0,1,1,0,9.81,Genuine
658,84,82,91,92,1,0,0,0,0,0,10.99,Genuine
2147,43,17,48,10,7,3,4,7,4,5,81.7,Fake
1799,89,93,86,87,1,1,0,1,1,0,9.34,Genuine
1375,26,39,34,23,5,3,7,6,6,6,77.56,Fake
1062,24,13,30,22,8,4,3,7,5,7,85.12,Fake
400,49,63,58,47,3,1,3,4,2,3,54.32,Suspicious
1277,30,20,17,40,5,3,7,3,7,9,79.37,Fake
1763,11,22,13,29,4,4,4,7,5,3,72.43,Fake
1482,75,49,70,66,4,3,2,1,1,1,37.56,Suspicious
4819,76,78,80,77,4,2,0,4,1,3,39.56,Suspicious
4802,94,95,80,94,1,0,1,1,0,1,13.77,Genuine
1079,16,50,30,25,6,4,5,4,4,9,85.53,Fake
787,48,80,53,79,3,3,0,3,1,2,38.43,Suspicious
1089,57,42,55,60,4,2,2,3,1,2,45.23,Suspicious
2718,41,26,46,33,4,4,7,6,4,4,74.11,Fake
3502,77,73,62,49,1,2,1,2,3,3,33.69,Suspicious
1007,20,48,17,60,3,5,5,5,2,3,68.46,Fake
270,80,52,77,76,4,3,2,1,2,1,34.33,Suspicious
2458,60,47,80,76,2,0,3,2,2,3,38.26,Suspicious
3722,90,94,82,94,0,0,0,0,0,0,8.77,Genuine
2609,46,20,14,60,7,6,5,5,7,8,75.61,Fake
3951,51,44,50,58,3,0,1,3,2,3,47.65,Suspicious
4266,71,50,74,78,3,3,3,2,2,3,52.14,Suspicious
2695,92,80,96,87,1,0,1,1,1,1,19.49,Genuine
3162,98,100,95,95,0,1,0,1,0,0,6.73,Genuine
2385,89,96,94,98,0,1,1,0,1,1,13.9,Genuine
3596,20,43,11,23,4,5,4,3,5,8,75.56,Fake
4102,36,19,34,58,7,2,4,7,2,9,83.18,Fake
450,84,80,96,87,0,1,1,1,1,1,15.49,Genuine
329,97,100,97,89,1,0,1,0,1,1,16.14,Genuine
2346,71,51,61,65,3,1,1,3,1,2,37.18,Suspicious
4496,94,97,94,95,1,0,1,0,1,1,11.13,Genuine
2748,65,73,67,78,4,2,1,4,1,3,42.45,Suspicious
751,85,100,87,87,1,0,0,1,1,1,21.82,Genuine
4286,68,56,57,64,1,2,2,3,1,1,31.3,Suspicious
3914,57,50,70,66,4,3,0,1,2,1,37.5,Suspicious
491,99,100,92,97,0,0,1,0,0,0,1.57,Genuine
183,98,99,88,97,0,1,0,1,1,0,6.9,Genuine
2430,32,57,32,59,9,6,7,3,7,6,80.51,Fake
629,73,47,54,77,3,3,0,1,1,1,35.37,Suspicious
1292,94,85,100,100,0,1,0,0,0,1,12.17,Genuine
3298,40,48,31,21,9,7,6,4,6,3,81.06,Fake
1084,93,95,90,87,0,1,1,1,1,0,10.08,Genuine
4058,66,42,73,71,3,2,0,4,1,3,33.26,Suspicious
4402,87,80,93,94,0,1,1,1,0,0,9.71,Genuine
1554,99,94,94,89,1,0,0,1,0,1,8.19,Genuine
603,19,24,51,38,3,4,2,6,2,4,63.62,Fake
3156,72,64,50,77,1,1,2,4,3,1,36.45,Suspicious
2611,54,45,56,56,1,1,1,4,3,1,34.6,Suspicious
3157,52,42,47,45,2,3,0,3,2,2,38.04,Suspicious
3332,17,28,35,13,9,4,3,4,7,6,84.84,Fake
3982,36,12,37,11,6,4,4,7,3,7,82.66,Fake
1403,52,58,73,63,1,1,2,2,3,2,34.83,Suspicious
2457,97,98,80,98,1,0,0,1,1,1,13.31,Genuine
4893,84,81,94,86,0,0,0,1,0,0,9.04,Genuine
4112,85,89,98,94,1,1,1,0,1,1,8.69,Genuine
1311,50,43,79,53,2,0,2,2,2,2,36.16,Suspicious
2191,95,89,90,96,1,0,1,1,1,0,15.75,Genuine
3429,53,35,45,55,5,3,5,4,4,7,73.75,Fake
3173,28,48,19,14,9,7,3,7,4,9,91.22,Fake
747,20,37,47,26,4,3,6,5,2,7,79.67,Fake
2365,31,60,47,51,6,2,4,4,4,5,66.25,Fake
700,95,81,96,96,1,1,0,1,1,1,15.2,Genuine
2794,70,65,49,80,4,2,1,1,2,1,34.1,Suspicious
4290,52,59,78,48,2,2,3,4,2,1,34.07,Suspicious
2376,53,59,64,51,3,0,1,3,3,2,45.1,Suspicious
3250,31,34,27,15,4,5,6,5,5,7,78.26,Fake
1292,90,88,83,95,1,1,0,0,1,0,13.56,Genuine
3654,56,35,15,41,6,7,5,5,6,5,77.31,Fake
3268,46,79,71,52,1,1,2,3,3,2,37.27,Suspicious
4468,49,77,48,76,2,1,3,2,3,2,40.17,Suspicious
125,70,49,78,80,1,3,3,4,1,2,37.19,Suspicious
4119,79,52,57,75,3,2,0,2,1,1,34.19,Suspicious
1497,59,52,46,24,6,3,3,5,3,3,65.22,Fake
1310,97,97,95,92,1,0,1,0,1,1,8.06,Genuine
399,17,13,36,53,8,7,5,5,6,6,92.73,Fake
4077,58,45,73,75,3,3,2,2,3,3,48.34,Suspicious
2028,81,90,83,89,0,1,1,0,1,0,19.33,Genuine
1972,92,91,89,91,0,1,1,1,1,1,9.35,Genuine
4806,56,26,54,41,8,5,6,7,2,3,73.47,Fake
4226,47,71,54,72,3,3,1,4,3,3,45.44,Suspicious
3823,59,25,16,41,3,5,3,6,6,6,71.37,Fake
3878,24,39,60,36,8,3,6,4,4,6,89.82,Fake
2566,52,44,46,72,2,0,3,1,2,1,37.06,Suspicious
240,55,26,44,21,4,3,5,4,7,7,75.79,Fake
3850,92,86,95,85,0,0,0,1,1,0,7.42,Genuine
2817,51,66,53,66,2,1,0,1,1,1,27.2,Suspicious
966,80,42,63,71,3,1,0,1,1,2,38.22,Suspicious
4299,93,95,84,98,1,1,0,0,0,1,14.73,Genuine
4124,56,74,62,65,1,2,1,1,1,2,26.88,Suspicious
646,81,83,93,95,1,0,0,0,1,1,19.34,Genuine
977,35,59,55,43,9,4,5,6,5,9,85.26,Fake
4093,88,93,94,92,0,0,0,1,1,1,11.76,Genuine
3786,89,96,80,98,1,0,1,1,0,1,16.46,Genuine
2430,87,87,86,89,1,0,0,1,1,1,13.8,Genuine
1249,48,53,62,55,3,1,1,3,1,3,41.14,Suspicious
3623,94,86,81,97,0,1,1,0,0,1,11.57,Genuine
3571,14,39,59,59,7,4,6,5,2,3,74.94,Fake
164,57,33,27,36,8,2,6,5,4,4,71.07,Fake
522,50,44,15,30,7,3,2,3,4,5,70.09,Fake
433,93,84,88,88,1,1,1,0,0,1,18.15,Genuine
4861,67,50,57,56,3,0,2,4,2,3,43.9,Suspicious
4130,86,99,82,89,0,0,1,0,0,1,8.3,Genuine
2560,58,52,43,34,4,6,4,5,2,8,70.43,Fake
391,75,72,57,62,1,1,3,4,1,3,40.98,Suspicious
4755,17,53,30,57,6,3,5,6,3,9,81.0,Fake
1995,45,50,17,12,8,7,5,3,2,6,84.43,Fake
1183,52,29,44,32,6,2,7,4,7,9,78.32,Fake
2694,74,40,59,64,2,0,1,1,1,3,33.14,Suspicious
1780,68,47,61,78,4,3,1,2,3,2,46.23,Suspicious
4184,69,69,78,55,3,2,2,1,1,1,30.66,Suspicious
2752,53,79,72,59,1,3,0,1,2,1,29.75,Suspicious
981,15,51,20,14,4,2,3,3,2,4,69.3,Fake
475,83,87,96,90,0,1,0,1,1,1,6.63,Genuine
1979,79,73,77,65,1,1,3,1,3,3,34.25,Suspicious
3310,18,41,15,23,6,3,6,7,4,6,83.77,Fake
3560,73,75,46,62,1,3,1,3,1,1,29.67,Suspicious
1385,73,72,67,80,1,1,1,3,1,2,25.01,Suspicious
2818,99,92,88,87,0,1,1,0,0,1,11.08,Genuine
3120,79,63,57,77,3,2,2,3,3,2,35.63,Suspicious
1727,47,62,46,60,2,3,3,2,2,2,43.79,Suspicious
2425,34,36,24,41,6,2,4,4,4,3,70.88,Fake
3650,26,48,41,38,3,6,5,5,2,7,77.66,Fake
3946,86,92,87,85,1,1,1,1,1,0,12.08,Genuine
4153,47,57,62,67,3,1,1,2,2,1,41.47,Suspicious
3703,28,22,28,22,9,5,3,7,3,9,94.58,Fake
3772,55,76,55,47,1,3,3,4,2,2,45.25,Suspicious
1830,40,15,30,35,5,4,5,6,6,4,73.95,Fake
4777,48,62,55,53,4,1,3,4,1,3,54.76,Suspicious
4729,54,39,52,44,8,3,4,3,7,7,83.24,Fake
1052,81,84,98,100,0,0,0,1,1,1,8.44,Genuine
3084,58,15,19,41,9,2,7,6,5,3,80.71,Fake
857,88,80,98,100,0,1,1,1,0,0,10.78,Genuine
3506,59,59,32,35,7,7,5,3,7,7,78.64,Fake
1463,67,46,70,76,4,3,0,2,1,1,39.12,Suspicious
2322,48,70,62,60,4,3,0,3,2,1,35.96,Suspicious
2222,47,16,22,26,7,2,5,5,3,6,81.78,Fake
455,74,43,59,67,1,2,1,4,2,2,40.41,Suspicious
2813,98,91,80,92,1,0,0,0,0,0,14.96,Genuine
165,89,96,100,96,1,1,0,1,1,1,14.69,Genuine
3924,77,69,56,59,2,2,3,2,3,2,46.08,Suspicious
1247,13,28,46,14,6,7,3,6,7,4,82.95,Fake
4276,31,55,32,53,5,2,4,5,5,3,65.76,Fake
191,56,74,77,80,1,2,3,1,2,2,33.2,Suspicious
2895,10,35,60,52,3,2,3,6,2,9,77.95,Fake
4045,74,80,45,49,4,3,2,4,1,1,43.31,Suspicious
2964,74,79,51,76,4,2,1,4,3,1,34.0,Suspicious
2336,11,22,20,21,3,7,6,3,5,9,79.99,Fake
4512,73,63,56,73,2,3,0,3,3,2,35.37,Suspicious
1160,57,23,26,18,9,7,4,6,5,3,83.52,Fake
3277,89,81,80,89,0,1,1,0,0,1,18.87,Genuine
2165,85,98,95,96,0,0,0,0,1,1,10.1,Genuine
4002,75,77,51,52,2,0,0,3,1,3,29.21,Suspicious
755,89,81,82,100,1,1,1,1,1,1,14.59,Genuine
4537,84,83,84,92,1,0,1,0,0,0,17.54,Genuine
264,90,80,84,99,0,0,1,0,1,1,8.19,Genuine
1332,52,59,14,22,3,5,2,3,4,3,59.44,Fake
4710,25,30,18,21,7,2,7,5,3,8,90.25,Fake
1772,66,60,78,69,4,2,2,2,2,1,34.74,Suspicious
1111,84,86,95,99,0,0,1,1,1,0,10.75,Genuine
1057,47,49,24,27,6,6,7,6,6,3,76.38,Fake
4395,66,75,63,58,2,1,0,1,2,2,30.54,Suspicious
4015,55,49,66,75,1,2,1,3,2,1,26.73,Suspicious
4573,85,93,83,100,1,0,0,0,0,0,8.02,Genuine
1695,49,57,42,33,4,7,7,3,4,8,74.17,Fake
3422,91,93,81,85,1,1,0,0,1,0,11.35,Genuine
3329,46,77,57,76,2,0,0,2,2,3,34.75,Suspicious
3041,80,92,85,89,1,1,1,1,0,0,13.57,Genuine
1794,86,99,87,87,1,0,1,0,1,1,15.01,Genuine
4606,98,94,88,92,1,1,1,0,1,1,17.65,Genuine
2940,74,80,74,80,4,0,1,4,2,2,26.34,Suspicious
1866,57,55,59,48,9,3,4,5,5,7,77.88,Fake
2210,45,49,54,13,8,2,6,6,5,7,89.85,Fake
4118,20,22,26,46,6,5,2,4,3,7,79.28,Fake
1872,96,90,92,96,0,0,1,0,0,0,8.13,Genuine
2215,54,52,50,51,4,2,1,1,3,2,43.25,Suspicious
1395,89,90,95,98,1,1,0,0,1,1,12.52,Genuine
648,43,27,15,60,4,6,6,4,7,4,71.86,Fake
4790,48,44,54,71,4,1,0,4,1,1,37.93,Suspicious
1257,91,95,87,98,1,0,1,0,0,0,10.96,Genuine
3902,52,79,66,66,4,2,3,4,1,2,43.06,Suspicious
378,100,84,85,91,1,1,1,1,0,0,11.54,Genuine
3897,46,45,68,62,3,0,3,4,2,1,39.47,Suspicious
1893,48,27,16,41,7,5,6,4,3,5,80.08,Fake
1818,84,83,81,96,0,1,1,1,1,0,17.93,Genuine
2167,83,81,95,87,0,1,1,1,0,0,12.69,Genuine
3324,52,21,19,16,5,3,2,7,7,8,86.38,Fake
1651,88,94,87,98,1,0,1,0,1,1,8.84,Genuine
517,17,24,59,54,3,6,5,4,6,8,71.63,Fake
630,20,18,51,32,6,7,5,3,7,3,79.59,Fake
3843,92,83,82,90,0,1,1,0,0,1,16.95,Genuine
4376,18,29,11,28,3,4,4,7,5,8,81.02,Fake
1722,48,47,62,52,3,2,3,4,1,3,45.64,Suspicious
4707,33,22,20,24,4,3,2,3,2,5,69.41,Fake
3085,64,59,63,65,4,0,0,4,3,3,45.46,Suspicious
2379,85,81,89,99,0,1,1,1,0,0,15.5,Genuine
2733,67,48,73,71,2,0,2,2,2,1,35.2,Suspicious
3461,80,57,50,46,3,1,3,3,3,2,41.82,Suspicious
540,31,60,57,30,5,7,5,4,7,3,67.64,Fake
3471,74,79,49,65,2,1,3,4,2,3,45.9,Suspicious
2031,87,80,83,89,1,0,0,0,0,0,6.21,Genuine
4208,81,81,97,98,1,1,1,0,0,1,14.54,Genuine
445,63,74,72,45,2,1,3,4,1,3,42.71,Suspicious
2553,17,17,28,41,9,6,2,5,6,7,96.62,Fake
672,46,43,32,25,8,4,3,7,6,3,71.93,Fake
3806,94,80,100,93,0,0,0,0,1,1,6.79,Genuine
4205,93,81,90,85,0,0,1,0,1,0,6.64,Genuine
1343,49,69,75,53,1,2,2,1,3,1,35.66,Suspicious
893,48,64,50,62,1,2,2,3,2,3,40.89,Suspicious
2105,47,48,58,15,6,6,7,6,3,8,80.45,Fake
3695,56,66,45,54,1,3,2,4,2,2,45.12,Suspicious
4507,55,25,23,21,5,5,3,4,7,5,72.89,Fake
4657,64,54,62,46,1,0,3,2,1,2,38.78,Suspicious
3832,71,76,74,71,3,2,2,2,1,1,30.32,Suspicious
4610,84,99,88,100,0,0,1,1,0,1,11.39,Genuine
3488,92,96,80,98,1,0,0,0,0,0,8.14,Genuine
2580,26,30,55,12,3,3,3,6,4,6,70.53,Fake
4734,97,98,83,94,0,0,1,1,0,1,11.04,Genuine
4939,72,74,76,72,1,3,2,4,1,1,31.87,Suspicious
3967,50,10,34,29,4,4,6,7,3,9,81.81,Fake
822,81,100,86,89,0,1,1,1,0,0,13.42,Genuine
1178,28,56,55,35,3,4,3,3,7,3,52.94,Fake
1325,69,75,70,45,4,2,3,4,3,1,40.7,Suspicious
3493,27,60,53,53,4,3,5,4,5,8,73.15,Fake
4572,22,28,18,12,7,3,7,7,2,5,83.55,Fake
2981,76,45,75,53,3,0,3,4,1,1,35.53,Suspicious
4525,78,42,49,67,2,0,2,4,1,2,36.32,Suspicious
3738,69,60,50,64,1,3,1,2,1,3,44.0,Suspicious
1315,88,97,95,91,1,1,1,1,1,1,19.98,Genuine
1317,74,42,72,77,2,2,0,1,3,2,30.77,Suspicious
2372,94,92,97,95,0,0,1,0,1,0,1.17,Genuine
1450,27,33,31,46,9,5,2,4,7,8,88.91,Fake
2499,87,87,87,97,0,1,1,1,1,1,16.63,Genuine
4470,68,68,49,79,3,2,0,1,2,2,34.94,Suspicious
3916,60,68,62,71,3,3,2,2,2,1,38.44,Suspicious
1759,60,79,73,59,4,2,3,2,2,3,49.99,Suspicious
2109,51,43,68,78,1,2,1,2,1,3,39.64,Suspicious
4072,96,88,98,99,1,1,1,1,1,0,11.17,Genuine
4733,77,62,59,77,1,0,0,3,3,2,26.27,Suspicious
256,98,100,97,89,1,1,1,1,0,0,10.81,Genuine
3510,93,96,93,88,0,0,1,0,0,0,5.56,Genuine
4146,29,29,55,36,6,4,7,4,7,4,69.25,Fake
770,67,75,47,59,2,2,2,1,2,3,42.86,Suspicious
4520,97,82,91,91,1,1,0,0,0,1,14.12,Genuine
4629,22,29,50,51,8,7,2,3,2,8,79.36,Fake
4614,58,74,73,56,4,1,3,2,2,3,44.45,Suspicious
271,45,55,73,67,1,0,3,4,2,3,38.25,Suspicious
3295,50,44,58,48,4,3,2,1,2,1,50.07,Suspicious
3554,94,96,97,87,1,1,0,1,0,0,11.02,Genuine
1314,46,38,53,38,7,4,3,6,3,9,79.33,Fake
4592,47,33,17,43,5,2,3,6,5,6,71.57,Fake
1842,89,86,93,97,0,0,0,1,1,1,5.04,Genuine
1609,32,43,50,50,7,4,4,6,4,8,76.45,Fake
2738,71,41,75,58,2,0,2,4,1,1,34.58,Suspicious
1707,66,67,50,74,2,1,3,3,2,2,30.88,Suspicious
636,48,62,57,61,3,3,0,2,1,3,44.3,Suspicious
3978,50,48,60,48,4,3,0,3,1,1,42.28,Suspicious
3823,52,15,59,29,9,7,2,5,3,9,85.62,Fake
554,61,52,68,75,2,2,1,1,3,3,37.58,Suspicious
3857,51,34,30,25,9,7,5,6,4,9,89.51,Fake
2025,81,80,95,90,0,0,1,1,0,0,14.08,Genuine
3182,27,45,11,23,7,6,5,4,6,8,83.7,Fake
501,75,80,80,69,1,1,3,2,2,2,28.0,Suspicious
3075,63,40,45,70,2,1,3,4,2,3,44.9,Suspicious
3933,29,44,54,30,3,6,2,5,7,9,68.48,Fake
695,92,85,89,97,0,0,0,1,0,1,10.8,Genuine
1736,68,50,74,79,4,3,0,1,1,1,34.45,Suspicious
3511,31,36,50,50,3,4,2,3,7,9,71.86,Fake
1101,85,96,93,98,1,0,0,1,0,0,7.99,Genuine
1974,90,94,81,95,0,1,1,1,1,1,16.65,Genuine
2474,40,31,11,36,9,5,2,4,4,3,77.16,Fake
3956,73,50,77,73,4,2,2,4,3,3,45.81,Suspicious
1427,30,39,20,31,9,6,2,3,4,8,87.07,Fake
1494,62,41,58,64,2,2,3,2,2,1,34.27,Suspicious
1775,67,46,47,56,3,0,1,1,1,3,46.53,Suspicious
2920,26,43,55,12,7,7,4,4,6,7,87.72,Fake
657,54,78,49,61,3,2,2,4,3,1,41.88,Suspicious
1522,51,46,47,47,2,0,0,1,3,1,39.41,Suspicious
689,65,63,64,71,4,2,2,4,1,1,41.8,Suspicious
897,42,15,34,32,7,3,5,5,2,5,81.23,Fake
2712,33,52,17,39,3,3,5,6,3,3,70.02,Fake
1061,38,53,16,47,7,7,5,3,2,9,78.84,Fake
1746,97,97,92,85,0,1,0,1,1,1,9.56,Genuine
3666,67,63,57,66,3,0,0,1,3,3,35.29,Suspicious
2051,26,53,14,11,3,3,7,6,7,8,77.39,Fake
3406,54,10,20,59,3,7,6,7,2,8,74.76,Fake
2256,96,92,95,92,0,1,0,1,0,0,13.17,Genuine
357,70,77,71,75,3,3,2,2,2,3,41.88,Suspicious
3128,30,24,15,14,8,7,4,5,4,5,83.48,Fake
353,73,45,45,68,2,1,2,4,3,3,42.45,Suspicious
2646,96,96,95,88,0,1,0,0,0,0,9.59,Genuine
1069,40,26,30,25,3,2,7,3,3,9,70.79,Fake
4754,80,54,77,49,1,0,0,3,1,3,33.42,Suspicious
1735,60,24,50,48,4,6,2,4,3,5,68.13,Fake
1458,84,91,91,87,1,1,1,1,0,0,11.76,Genuine
1076,58,62,45,76,1,1,3,1,3,2,42.59,Suspicious
2204,35,44,50,52,9,4,4,5,6,6,74.44,Fake
3637,60,73,62,54,3,1,3,3,3,3,43.39,Suspicious
4087,49,22,48,53,6,3,4,6,5,6,76.58,Fake
3457,90,98,96,93,0,0,1,1,0,1,12.74,Genuine
1865,40,15,58,14,9,6,5,5,6,6,89.45,Fake
1192,52,73,50,74,4,1,0,4,1,1,38.66,Suspicious
2147,97,99,81,93,1,0,1,1,0,0,8.61,Genuine
3498,40,37,19,15,9,4,3,7,4,6,87.89,Fake
3925,20,46,10,18,3,7,2,5,3,7,72.05,Fake
377,95,88,89,90,0,1,0,0,1,1,16.39,Genuine
137,96,100,83,89,0,1,1,0,1,0,4.44,Genuine
4322,79,57,74,59,1,2,3,1,1,2,35.85,Suspicious
918,59,43,63,65,2,3,0,1,2,2,35.38,Suspicious
183,95,91,85,97,0,1,1,0,1,0,9.7,Genuine
3602,68,77,46,60,1,0,3,4,2,1,35.2,Suspicious
1043,93,95,81,92,0,1,0,1,0,0,10.0,Genuine
169,92,96,93,89,1,1,1,1,1,1,17.83,Genuine
4539,72,70,80,57,2,0,1,2,1,1,25.5,Suspicious
1371,28,29,13,47,4,5,5,4,3,3,66.71,Fake
466,96,94,100,90,1,0,1,0,1,1,13.81,Genuine
2333,85,97,100,90,0,1,0,0,0,0,6.6,Genuine
1754,23,34,57,10,7,4,7,4,3,3,75.83,Fake
4889,90,93,85,95,1,0,1,1,1,0,4.68,Genuine
3921,29,56,39,51,4,5,2,3,2,3,58.88,Fake
2581,67,49,45,46,3,1,1,1,3,2,42.01,Suspicious
1235,66,40,59,69,4,2,3,4,3,1,45.91,Suspicious
3643,100,100,95,88,0,0,1,1,1,1,12.82,Genuine
2509,16,32,33,14,7,2,7,3,7,3,81.25,Fake
2304,95,80,92,94,0,1,1,0,1,0,12.38,Genuine
234,80,66,58,67,4,0,1,4,3,2,42.6,Suspicious
1755,71,58,48,63,2,0,2,2,2,2,36.14,Suspicious
4644,50,68,56,53,1,0,2,1,2,3,37.53,Suspicious
546,71,61,78,61,3,2,0,2,3,1,35.41,Suspicious
2154,75,80,67,77,4,1,3,1,3,1,31.78,Suspicious
4055,58,48,80,50,4,1,1,1,3,1,35.86,Suspicious
2568,37,29,37,17,7,2,2,5,6,6,77.57,Fake
4890,51,70,79,64,4,1,3,3,2,2,38.72,Suspicious
2212,23,20,44,50,5,7,7,3,5,5,83.75,Fake
4983,83,89,96,88,1,0,0,0,0,1,19.28,Genuine
2033,12,30,34,29,3,5,7,7,7,7,83.02,Fake
3051,98,86,91,94,0,0,1,1,0,0,9.41,Genuine
4812,52,77,61,45,3,1,1,3,3,3,37.99,Suspicious
1251,79,59,58,74,4,3,0,2,1,1,35.16,Suspicious
4176,88,82,87,88,1,1,1,0,1,0,14.71,Genuine
3653,96,82,92,100,0,0,1,0,0,1,10.15,Genuine
4785,97,93,94,90,1,1,0,0,0,1,14.92,Genuine
3693,49,68,78,67,1,1,1,4,2,1,34.62,Suspicious
116,91,90,93,90,1,0,1,0,1,0,9.31,Genuine
4512,65,40,46,70,3,3,1,4,3,1,41.92,Suspicious
890,93,92,95,97,0,0,0,1,0,1,16.29,Genuine
4351,66,58,73,47,3,3,0,3,2,2,33.29,Suspicious
4284,94,90,97,91,1,1,1,0,1,1,14.81,Genuine
4774,56,48,23,16,8,5,3,7,2,4,83.27,Fake
1734,64,53,66,60,1,3,2,3,3,3,42.91,Suspicious
1217,50,45,36,26,3,2,6,6,6,6,70.79,Fake
3041,98,85,91,92,0,1,1,1,1,0,14.91,Genuine
3517,57,62,73,66,1,0,3,1,2,3,34.56,Suspicious
1270,59,56,72,66,1,1,0,1,2,1,29.53,Suspicious
4360,87,88,95,94,0,0,0,0,1,0,9.45,Genuine
2255,45,61,48,52,3,0,1,3,1,3,50.87,Suspicious
3497,89,100,96,93,0,1,0,0,1,0,13.87,Genuine
994,89,86,96,100,1,1,0,0,1,0,16.8,Genuine
2233,55,28,32,36,5,5,5,5,7,4,71.38,Fake
4602,17,49,58,53,5,3,2,7,7,6,72.52,Fake
3006,43,48,29,30,7,3,6,5,5,7,80.26,Fake
2677,86,98,83,93,0,1,1,0,0,0,6.48,Genuine
4739,69,51,59,70,1,0,1,3,2,3,38.92,Suspicious
1309,91,91,89,91,1,1,1,0,0,1,11.32,Genuine
331,15,46,31,20,4,2,6,5,4,9,81.12,Fake
2155,73,80,56,48,2,3,2,2,3,2,42.2,Suspicious
4786,79,64,67,69,2,1,2,2,3,2,34.15,Suspicious
214,40,26,19,36,7,2,5,6,6,6,86.71,Fake
363,62,49,74,45,3,1,3,3,3,2,41.89,Suspicious
4057,100,83,100,91,0,0,0,1,0,0,0.73,Genuine
2062,75,53,68,76,4,3,2,3,3,2,47.71,Suspicious
295,56,42,57,37,8,4,3,6,4,8,79.47,Fake
992,19,49,25,33,8,7,3,4,5,3,77.88,Fake
3435,67,54,51,69,1,2,2,4,2,2,38.18,Suspicious
618,95,81,80,94,1,1,0,0,0,0,9.16,Genuine
3631,17,46,39,12,8,6,2,4,3,4,78.25,Fake
4528,23,53,55,45,7,7,6,6,2,8,82.1,Fake
3796,15,14,51,27,5,6,5,7,5,7,82.45,Fake
3352,28,10,19,45,3,6,7,4,7,8,78.89,Fake
2970,30,27,15,44,8,2,4,4,4,8,84.38,Fake
3126,47,52,11,49,8,4,4,6,4,6,82.86,Fake
3274,51,16,51,45,3,4,3,4,2,3,64.18,Fake
3681,78,52,69,46,2,0,0,4,3,1,22.8,Suspicious
4151,70,50,78,46,1,2,1,4,1,1,36.03,Suspicious
3943,64,41,79,48,3,0,3,4,2,2,34.65,Suspicious
3976,48,44,51,79,4,0,2,4,2,1,36.87,Suspicious
3279,63,67,50,63,3,3,3,2,1,2,43.83,Suspicious
2599,87,84,85,86,1,1,0,0,0,0,9.23,Genuine
647,50,34,58,11,3,3,4,7,7,7,69.78,Fake
766,100,91,84,98,1,1,1,1,0,0,15.47,Genuine
3107,87,89,90,87,0,1,0,0,0,1,15.18,Genuine
3948,100,84,85,93,0,1,0,0,1,0,11.61,Genuine
1124,23,10,20,39,4,2,5,3,2,4,73.61,Fake
1925,40,13,13,21,3,6,6,6,7,8,79.82,Fake
2959,49,72,78,74,4,2,2,3,2,1,35.89,Suspicious
4942,44,57,30,52,3,2,3,6,7,4,57.75,Fake
1555,88,88,83,86,0,0,1,0,1,0,18.94,Genuine
3274,87,94,93,89,0,1,0,1,0,0,1.58,Genuine
4667,36,27,33,46,8,3,4,3,3,6,74.79,Fake
3275,65,60,47,72,1,3,1,2,2,2,42.11,Suspicious
740,53,24,13,15,8,6,3,3,6,9,81.46,Fake
397,72,71,69,51,4,1,3,1,3,1,33.49,Suspicious
2516,47,72,80,61,1,3,3,4,1,2,42.73,Suspicious
4607,63,42,61,74,4,0,1,1,2,1,38.88,Suspicious
236,88,92,99,92,0,0,0,1,0,1,11.64,Genuine
3356,83,87,82,99,1,1,0,0,1,0,8.96,Genuine
3554,29,27,28,12,9,7,7,4,4,9,88.24,Fake
187,54,52,56,55,4,0,2,1,1,3,45.08,Suspicious
782,45,28,22,42,7,4,5,3,4,8,83.42,Fake
2656,33,33,16,59,7,5,6,4,2,9,79.3,Fake
1906,91,98,80,96,1,0,1,1,0,0,7.36,Genuine
4691,77,42,64,79,3,2,0,3,3,3,38.25,Suspicious
2779,26,25,17,48,9,5,2,4,5,3,80.4,Fake
3882,57,23,39,32,9,5,4,3,5,8,83.82,Fake
1569,89,91,91,95,0,0,1,1,0,0,8.34,Genuine
1707,96,82,82,92,1,1,0,1,0,0,10.22,Genuine
4733,59,80,69,61,4,0,1,3,3,1,34.45,Suspicious
535,94,90,98,97,0,1,0,1,1,1,11.53,Genuine
864,90,84,97,91,0,1,1,0,1,1,11.86,Genuine
2691,50,45,47,51,3,3,1,4,3,3,50.56,Suspicious
2609,70,40,61,61,3,2,3,1,3,1,31.51,Suspicious
3334,56,62,78,67,1,0,1,4,2,2,32.11,Suspicious
4748,54,54,54,70,4,3,0,1,2,2,40.71,Suspicious
2342,81,99,81,95,1,1,0,0,1,0,12.94,Genuine
3769,92,81,91,95,1,1,0,0,0,0,15.03,Genuine
2979,36,33,49,38,7,6,7,3,6,6,79.85,Fake
4471,84,89,97,86,0,0,1,0,1,1,10.27,Genuine
2559,19,58,24,28,3,5,4,3,6,3,67.93,Fake
441,33,40,10,37,3,2,3,7,5,3,63.17,Fake
2940,94,86,92,93,0,1,0,0,1,0,9.97,Genuine
1903,15,14,11,11,7,4,7,5,6,4,83.53,Fake
3682,91,80,85,95,0,0,0,1,0,1,15.47,Genuine
1245,78,62,60,49,3,3,2,4,2,1,42.54,Suspicious
1876,24,55,32,21,7,5,6,7,4,8,84.84,Fake
1442,65,65,62,45,1,1,1,2,3,1,32.83,Suspicious
2362,86,81,80,89,0,0,1,1,0,0,14.04,Genuine
4110,48,28,55,24,3,6,2,5,5,7,71.74,Fake
273,56,40,50,57,7,4,6,3,6,7,74.43,Fake
3506,74,43,80,47,2,1,2,2,1,3,44.14,Suspicious
2494,62,75,64,77,4,2,2,3,2,2,39.85,Suspicious
3750,97,95,96,91,1,1,1,0,0,0,13.67,Genuine
1386,81,97,88,95,0,1,1,1,0,1,12.34,Genuine
1437,34,25,33,40,5,2,6,3,2,4,73.54,Fake
4147,91,85,89,88,1,0,0,1,0,1,20.5,Genuine
3122,82,81,97,99,0,1,1,0,0,1,15.26,Genuine
4963,26,17,54,36,6,3,4,4,6,4,70.85,Fake
2940,58,41,71,53,4,0,0,3,2,3,42.7,Suspicious
1950,70,48,64,79,4,1,3,2,3,1,34.6,Suspicious
4298,13,32,27,43,7,5,5,7,4,9,91.93,Fake
2345,47,66,62,61,2,0,0,4,1,3,35.5,Suspicious
1340,65,48,55,52,4,1,3,3,2,1,39.05,Suspicious
1538,85,80,85,86,1,0,1,0,0,0,12.78,Genuine
277,55,77,69,74,2,0,3,2,2,2,33.07,Suspicious
3666,42,31,59,56,8,4,3,7,3,8,79.61,Fake
1451,50,43,45,50,4,1,0,4,3,1,46.53,Suspicious
4824,100,87,84,85,0,1,1,0,0,1,16.35,Genuine
4193,40,44,23,59,5,4,7,4,2,3,68.31,Fake
3692,92,82,87,87,0,0,0,1,0,0,9.72,Genuine
3729,32,52,15,56,7,4,2,4,7,7,78.69,Fake
1614,28,47,55,33,6,6,6,3,2,7,79.59,Fake
2597,68,48,71,51,2,1,0,1,2,2,33.41,Suspicious
1067,89,97,95,86,1,0,0,1,1,0,8.79,Genuine
2039,88,82,99,97,1,0,1,0,0,1,9.19,Genuine
2097,69,62,75,74,2,2,2,4,2,1,30.62,Suspicious
4523,27,44,52,59,5,4,4,6,7,8,72.66,Fake
2812,54,53,68,55,2,1,2,1,1,2,35.61,Suspicious
3892,67,68,74,66,1,2,1,3,3,2,28.57,Suspicious
3119,60,68,53,77,4,0,0,1,1,2,43.47,Suspicious
2352,60,55,34,36,8,7,4,4,2,4,75.15,Fake
3989,80,86,90,93,0,1,1,1,1,1,17.84,Genuine
4784,86,83,80,93,0,1,0,0,1,0,8.15,Genuine
2969,43,60,37,57,5,6,6,5,3,8,68.5,Fake
4764,29,10,48,56,3,6,7,4,5,4,73.1,Fake
1200,53,73,56,65,1,3,1,2,2,1,32.98,Suspicious
2514,67,69,69,72,2,0,3,4,3,1,25.73,Suspicious
2792,97,90,85,93,1,0,1,0,0,1,17.55,Genuine
4609,70,53,45,48,1,1,3,4,3,1,40.84,Suspicious
4345,95,97,90,87,1,1,1,1,1,0,15.49,Genuine
2457,96,95,92,90,0,1,1,1,1,0,2.82,Genuine
378,61,58,78,58,3,2,2,1,3,1,35.31,Suspicious
4737,100,85,90,89,1,1,0,0,1,1,13.68,Genuine
4913,99,93,82,96,1,1,1,0,0,0,15.26,Genuine
3816,32,16,20,17,5,7,7,6,5,3,78.83,Fake
2886,80,94,95,100,1,1,1,1,0,1,21.59,Genuine
333,53,68,67,68,2,2,2,2,3,2,35.9,Suspicious
3516,94,88,99,94,0,0,1,1,1,0,9.22,Genuine
4521,80,84,97,85,1,1,0,0,1,1,19.14,Genuine
2574,22,25,24,20,6,7,2,5,2,3,73.25,Fake
4766,14,57,34,12,4,3,7,7,6,9,80.05,Fake
3552,97,97,91,92,0,1,1,1,0,1,6.96,Genuine
2917,22,29,30,31,3,5,6,3,2,7,80.41,Fake
982,88,88,97,98,1,0,1,0,1,1,6.91,Genuine
545,45,53,63,75,3,0,2,3,2,1,37.13,Suspicious
3753,59,70,60,54,2,0,2,3,2,1,30.2,Suspicious
1773,39,49,15,29,6,4,4,6,3,3,68.28,Fake
379,95,85,83,98,1,0,0,0,1,1,12.35,Genuine
4044,58,26,58,53,7,7,5,4,4,7,77.52,Fake
4129,15,44,37,29,6,2,5,6,6,8,77.83,Fake
1134,91,84,84,88,0,0,0,0,0,1,16.45,Genuine
150,93,96,92,85,0,1,0,0,0,1,9.32,Genuine
2640,33,19,29,26,7,6,5,5,3,4,82.76,Fake
2531,87,88,81,96,0,1,1,0,1,1,15.82,Genuine
3246,91,95,98,87,1,1,0,1,1,0,10.89,Genuine
3413,52,54,11,23,8,3,6,7,5,5,81.97,Fake
252,84,84,83,85,0,1,1,1,0,1,18.77,Genuine
1077,55,17,14,60,9,5,7,6,7,9,86.29,Fake
4647,13,10,58,49,4,5,3,4,3,8,74.39,Fake
1664,24,26,15,14,3,7,7,7,6,5,80.06,Fake
2558,100,85,81,95,0,1,0,1,1,0,12.16,Genuine
4130,60,68,64,72,3,3,0,1,1,2,36.98,Suspicious
2459,41,16,31,53,4,7,5,6,5,7,78.32,Fake
1226,99,82,85,97,1,1,0,1,1,1,18.25,Genuine
646,88,90,81,95,1,1,1,0,1,1,17.94,Genuine
4510,54,15,46,54,8,7,2,4,2,5,76.06,Fake
3657,39,38,29,30,7,6,7,5,6,4,81.2,Fake
4084,99,90,90,99,1,1,1,0,0,0,8.68,Genuine
2430,29,35,13,55,6,7,6,6,5,8,79.94,Fake
432,55,33,38,13,8,6,4,5,6,6,84.07,Fake
1485,73,45,70,55,4,0,2,4,2,1,40.77,Suspicious
331,44,59,36,22,3,5,5,3,3,6,72.97,Fake
3732,25,49,32,41,8,6,3,3,3,9,78.44,Fake
2232,76,56,58,61,4,3,3,4,1,2,44.4,Suspicious
2503,83,83,86,99,1,0,1,0,1,1,11.85,Genuine
238,41,15,52,26,5,4,2,6,4,3,62.37,Fake
3720,50,74,76,67,2,0,1,2,2,2,26.44,Suspicious
463,27,38,20,52,5,3,6,4,7,5,75.73,Fake
3165,34,12,18,31,9,5,3,4,4,4,81.52,Fake
3063,46,45,30,56,6,4,6,6,4,7,79.87,Fake
4039,95,89,89,98,0,1,0,0,1,0,6.22,Genuine
560,56,66,70,73,3,0,1,4,2,2,26.92,Suspicious
1222,53,58,67,72,2,0,2,2,2,3,36.19,Suspicious
4022,37,29,42,19,4,5,2,4,2,3,61.21,Fake
1698,53,40,13,35,6,7,2,3,4,7,77.54,Fake
3301,86,86,93,88,1,1,0,0,1,1,13.99,Genuine
2831,95,81,91,97,0,0,0,1,0,0,12.69,Genuine
684,20,50,24,31,5,5,3,6,2,3,64.63,Fake
641,95,90,96,86,0,1,1,1,0,1,13.18,Genuine
4873,85,84,100,95,0,0,0,0,1,1,13.29,Genuine
1292,59,59,63,45,4,2,3,1,1,1,35.78,Suspicious
3235,92,83,98,94,0,0,0,1,1,1,13.31,Genuine
3061,72,54,57,63,4,1,2,1,1,3,47.76,Suspicious
187,21,39,47,40,6,4,6,6,7,9,83.29,Fake
971,71,61,63,79,1,1,3,3,1,2,39.04,Suspicious
1820,84,84,88,98,0,0,0,0,1,1,15.48,Genuine
4793,89,85,91,91,1,1,1,0,1,1,18.01,Genuine
4577,85,98,88,87,0,0,0,1,0,0,7.99,Genuine
4743,76,80,76,46,1,0,1,1,1,1,29.8,Suspicious
3324,49,13,57,15,8,4,3,5,2,4,75.63,Fake
1837,50,22,51,55,3,4,4,6,2,8,75.3,Fake
160,90,80,98,94,1,1,0,0,0,1,15.55,Genuine
2308,33,28,10,14,9,6,4,4,5,4,85.09,Fake
3538,85,89,80,96,0,0,0,0,0,1,12.29,Genuine
918,42,45,54,32,7,6,3,3,5,4,71.5,Fake
905,91,83,80,89,1,0,1,0,0,0,11.49,Genuine
1387,55,56,71,52,1,0,2,2,3,1,31.44,Suspicious
4441,50,12,40,40,6,2,6,7,3,9,79.12,Fake
3193,92,94,81,94,1,1,0,0,1,0,8.07,Genuine
3466,88,85,88,91,0,1,0,1,1,1,14.97,Genuine
1453,33,35,25,34,8,7,5,7,5,3,82.0,Fake
2573,52,19,50,13,8,5,6,4,7,3,75.29,Fake
967,83,92,86,90,0,0,1,1,0,1,15.01,Genuine
773,89,89,96,89,1,0,0,0,0,1,5.98,Genuine
1409,87,80,87,92,1,1,1,1,1,1,20.5,Genuine
4398,80,45,52,68,3,3,3,1,2,1,38.89,Suspicious
4680,88,98,100,99,1,1,0,1,0,1,16.49,Genuine
4770,98,92,94,92,1,1,0,0,1,1,7.96,Genuine
3876,95,83,84,92,0,1,1,0,1,0,10.31,Genuine
4495,97,85,93,91,0,0,0,0,1,1,9.07,Genuine
1201,56,27,20,14,7,2,7,3,7,3,80.65,Fake
1393,84,100,97,95,0,1,1,0,0,0,7.67,Genuine
398,86,84,91,99,1,0,1,1,0,0,10.42,Genuine
2034,46,22,19,46,4,7,2,3,2,4,68.17,Fake
4771,84,91,88,87,0,0,0,1,1,1,14.11,Genuine
2988,72,56,62,55,2,3,0,2,1,3,36.45,Suspicious
3819,92,97,91,92,0,1,0,0,0,0,12.2,Genuine
4637,51,80,75,76,3,3,2,3,1,1,34.2,Suspicious
1812,49,52,72,69,3,2,2,3,3,2,41.12,Suspicious
434,47,51,47,50,7,7,4,7,4,7,78.64,Fake
3571,10,34,25,24,4,2,4,5,6,3,67.17,Fake
4350,71,58,70,59,3,1,0,1,2,1,34.6,Suspicious
976,54,54,60,51,9,5,6,4,5,9,76.39,Fake
4692,50,63,64,64,4,0,3,4,1,1,40.12,Suspicious
107,56,39,30,39,6,2,5,4,4,8,78.89,Fake
1250,59,67,65,60,3,3,1,3,1,3,43.98,Suspicious
1286,66,43,72,56,2,2,2,4,3,1,41.6,Suspicious
3875,59,34,16,11,4,3,5,4,2,8,77.26,Fake
421,82,92,82,94,0,1,1,0,1,0,10.26,Genuine
3172,97,85,98,97,0,1,0,1,1,0,8.89,Genuine
262,65,40,60,77,1,2,2,3,1,3,37.57,Suspicious
459,45,68,45,45,1,0,1,4,2,3,45.07,Suspicious
4790,90,83,88,94,0,1,1,1,1,0,13.71,Genuine
2452,56,71,69,62,3,3,1,2,3,3,40.32,Suspicious
1544,56,12,33,37,4,2,6,5,7,9,82.89,Fake
2286,89,97,91,88,1,0,0,0,1,1,4.08,Genuine
3244,79,59,61,57,4,1,1,2,2,2,34.62,Suspicious
2831,48,13,57,51,4,6,7,5,6,9,72.51,Fake
4852,84,92,86,85,1,0,0,0,1,1,6.78,Genuine
422,81,96,80,85,1,1,0,0,0,0,8.67,Genuine
1215,50,21,48,42,7,6,7,4,2,9,84.5,Fake
2615,65,48,68,52,4,3,0,2,3,1,31.35,Suspicious
3023,68,43,72,59,1,2,2,2,2,2,40.87,Suspicious
2127,26,41,32,24,5,5,5,7,3,7,78.94,Fake
194,48,43,38,58,8,4,3,5,5,5,75.16,Fake
3172,78,52,45,45,1,2,3,1,3,3,41.59,Suspicious
841,95,97,89,97,0,1,0,1,1,1,9.77,Genuine
4234,62,48,61,77,4,2,1,4,1,2,46.15,Suspicious
3482,64,44,51,62,4,2,3,2,3,2,49.42,Suspicious
1085,64,43,64,75,4,2,1,1,2,3,35.5,Suspicious
4840,98,84,82,92,0,1,0,1,0,1,10.36,Genuine
1301,70,80,46,74,1,0,3,2,1,2,32.46,Suspicious
4848,20,11,59,50,4,3,4,5,5,9,73.24,Fake
1242,58,25,49,59,9,4,2,4,3,3,68.72,Fake
3697,98,90,84,98,0,0,1,1,0,0,14.41,Genuine
4617,80,94,94,96,0,1,0,1,1,0,16.23,Genuine
1089,97,85,85,92,0,1,0,0,1,1,15.5,Genuine
2720,57,68,60,71,2,2,2,1,3,2,37.57,Suspicious
2100,49,64,68,73,4,2,1,1,2,1,38.12,Suspicious
3469,100,96,91,96,1,0,0,1,0,1,4.14,Genuine
4451,60,75,72,73,3,3,0,2,3,2,28.9,Suspicious
2361,49,45,51,76,3,2,0,2,2,1,39.34,Suspicious
3630,41,52,42,33,4,7,4,3,6,7,74.15,Fake
1696,55,23,17,57,8,2,3,3,4,9,84.25,Fake
3107,15,45,11,31,4,6,7,6,7,7,77.01,Fake
996,13,32,53,34,6,2,6,4,4,9,80.88,Fake
948,47,35,39,21,5,7,2,4,3,9,77.96,Fake
3414,16,55,39,45,9,2,3,5,4,8,80.12,Fake
3144,60,60,22,54,8,6,4,6,4,9,78.43,Fake
1763,63,76,50,80,4,0,2,2,1,1,36.94,Suspicious
3876,65,76,72,75,2,0,3,2,3,1,33.34,Suspicious
1877,46,69,58,49,3,3,3,1,3,2,47.59,Suspicious
506,84,93,94,96,0,0,0,0,0,0,0.8,Genuine
4505,98,84,89,91,0,0,1,0,0,0,11.96,Genuine
1623,12,27,34,52,6,3,6,4,2,9,83.57,Fake
2121,52,22,59,51,7,2,5,7,3,5,64.96,Fake
764,82,91,98,99,1,1,1,1,1,1,13.04,Genuine
950,60,55,47,72,1,1,3,4,1,2,38.24,Suspicious
1009,18,37,13,48,3,4,4,4,3,8,74.84,Fake
4117,53,61,56,50,2,2,3,2,2,3,45.09,Suspicious
143,91,88,94,86,0,0,1,0,1,1,11.64,Genuine
3478,50,54,55,60,4,0,1,3,2,3,42.12,Suspicious
4954,76,70,61,67,2,2,1,3,2,2,36.64,Suspicious
3336,98,99,97,99,0,0,1,0,0,0,7.77,Genuine
3400,68,66,57,49,4,3,1,4,1,2,46.69,Suspicious
2610,39,18,14,16,6,2,4,6,2,7,83.75,Fake
3872,45,34,45,40,9,3,4,7,5,4,71.9,Fake
3541,83,82,89,92,0,0,1,0,0,1,14.28,Genuine
4468,54,41,34,19,5,2,4,7,4,6,76.84,Fake
971,91,98,91,90,1,1,1,1,1,0,11.43,Genuine
4055,58,35,23,25,4,5,3,4,5,7,78.14,Fake
1419,44,56,32,15,5,5,4,5,4,9,81.94,Fake
2014,94,86,96,89,0,1,0,0,0,1,7.38,Genuine
473,72,45,52,57,2,1,3,2,1,1,43.6,Suspicious
431,73,45,63,70,1,0,3,4,1,1,37.13,Suspicious
4908,25,17,42,58,6,7,6,5,6,5,83.68,Fake
470,83,93,96,85,0,0,1,1,1,1,16.78,Genuine
422,58,45,75,61,1,0,3,4,1,1,36.75,Suspicious
609,22,47,48,11,4,7,2,5,3,4,75.03,Fake
3101,33,42,50,50,7,4,6,7,6,5,79.22,Fake
1477,81,93,86,93,0,0,0,0,0,1,10.73,Genuine
3886,99,88,81,86,0,0,0,1,0,0,6.56,Genuine
4397,54,64,63,48,3,2,0,2,2,2,41.29,Suspicious
228,98,99,95,91,1,0,1,1,1,1,14.95,Genuine
4671,85,96,91,92,1,0,1,1,1,1,14.72,Genuine
3407,84,83,93,87,1,1,1,1,0,1,19.01,Genuine
1001,99,94,100,89,1,0,0,1,1,0,10.82,Genuine
3081,63,76,50,58,4,1,2,3,3,2,46.0,Suspicious
2521,59,46,61,63,3,3,0,4,3,2,43.99,Suspicious
3641,99,93,99,90,1,0,0,0,1,1,7.28,Genuine
4113,76,73,56,46,3,3,2,4,3,1,40.41,Suspicious
929,93,94,95,85,0,1,0,1,0,1,6.92,Genuine
4502,61,63,61,64,2,1,2,2,3,2,36.46,Suspicious
3607,80,84,82,88,0,1,0,1,1,1,17.06,Genuine
590,68,68,71,67,3,3,0,1,1,3,39.09,Suspicious
1354,54,20,12,39,8,7,7,7,7,8,91.83,Fake
2714,16,14,40,28,6,3,7,5,5,8,82.41,Fake
3894,60,23,37,44,8,5,5,4,3,3,77.06,Fake
3650,23,35,47,39,6,7,4,5,2,6,80.31,Fake
1100,60,51,75,68,3,1,0,1,3,2,29.68,Suspicious
893,76,71,49,63,4,2,0,2,3,2,37.08,Suspicious
141,91,91,81,94,1,0,0,0,0,1,10.24,Genuine
4416,97,86,99,100,0,1,0,0,1,0,3.45,Genuine
2467,91,100,89,95,0,1,1,1,1,0,8.8,Genuine
4834,49,28,27,59,7,2,3,7,2,9,79.17,Fake
242,99,99,81,99,0,1,1,0,0,0,9.72,Genuine
2957,54,58,58,56,4,4,2,5,4,6,63.68,Fake
4401,87,88,100,87,0,0,1,1,1,1,16.35,Genuine
3096,82,94,100,95,1,1,1,1,0,1,17.47,Genuine
929,57,53,53,14,7,7,7,7,2,5,81.74,Fake
3408,42,42,53,29,7,5,4,7,7,8,84.45,Fake
4674,59,70,53,46,4,2,3,4,3,3,52.08,Suspicious
733,97,82,92,94,0,0,0,0,0,1,9.05,Genuine
874,94,80,92,100,1,1,0,1,0,0,10.87,Genuine
3758,95,98,95,93,1,1,0,0,1,1,5.56,Genuine
1751,73,54,66,67,4,2,3,4,2,1,42.99,Suspicious
2071,36,22,49,36,8,3,5,5,5,7,85.51,Fake
2020,31,54,17,37,7,2,7,3,2,9,83.46,Fake
1028,38,27,55,27,4,7,4,7,2,6,75.93,Fake
3704,20,16,40,33,4,7,3,7,6,7,79.35,Fake
3323,82,89,83,98,0,0,0,0,0,0,8.61,Genuine
315,27,16,20,51,5,2,4,7,2,3,73.85,Fake
2996,92,90,93,87,0,0,0,1,0,0,5.35,Genuine
3413,66,70,46,75,2,1,1,2,3,3,39.07,Suspicious
4099,80,95,85,91,1,0,0,0,0,1,21.31,Genuine
2279,67,44,73,49,3,2,2,1,2,2,41.95,Suspicious
1519,19,12,28,11,3,6,3,7,2,4,74.18,Fake
920,97,94,95,85,1,0,1,1,0,0,9.02,Genuine
3900,45,37,24,52,3,3,4,3,4,4,62.65,Fake
4652,49,45,54,46,3,1,3,1,3,1,38.62,Suspicious
772,55,69,64,59,1,3,2,1,1,3,41.88,Suspicious
889,86,90,88,100,1,1,1,0,1,1,15.42,Genuine
4678,100,83,91,88,1,1,0,1,0,1,8.76,Genuine
900,58,51,80,61,4,0,0,2,3,1,32.92,Suspicious
4066,91,84,80,86,1,1,0,0,1,1,15.31,Genuine
2975,28,41,12,60,3,2,6,3,6,9,72.61,Fake
3209,45,45,59,50,4,6,7,5,4,8,74.91,Fake
4028,99,88,80,93,1,1,1,1,1,0,9.69,Genuine
153,97,80,87,87,0,1,0,0,0,1,8.53,Genuine
1058,95,100,80,89,0,1,1,0,0,0,10.57,Genuine
902,56,48,66,53,2,0,2,3,3,2,36.5,Suspicious
4126,45,59,45,48,3,2,1,2,2,1,36.31,Suspicious
324,13,24,21,12,6,6,7,4,3,8,90.48,Fake
3580,51,45,22,23,4,4,6,5,3,3,67.14,Fake
3331,55,40,45,49,1,1,1,1,2,3,41.26,Suspicious
3907,56,41,47,49,8,6,2,3,3,6,74.55,Fake
3988,55,41,47,55,2,2,2,2,3,3,53.23,Suspicious
1705,40,15,16,30,8,4,2,5,5,3,69.73,Fake
1724,21,49,12,11,6,7,5,7,7,4,79.75,Fake
2851,15,26,44,58,5,3,6,5,3,4,72.96,Fake
3979,20,19,32,14,9,3,5,5,4,8,95.39,Fake
4391,68,44,64,57,1,0,0,1,1,2,24.87,Suspicious
2606,65,72,47,58,3,0,1,2,1,3,43.34,Suspicious
3610,96,94,86,99,1,1,0,1,1,1,17.78,Genuine
1987,43,28,46,26,4,5,5,3,2,8,75.33,Fake
4600,10,13,41,42,3,3,2,6,6,6,65.52,Fake
1714,48,60,14,21,8,5,7,6,2,4,80.23,Fake
2725,89,90,83,99,1,1,0,1,1,1,13.67,Genuine
1461,58,47,69,58,3,2,0,3,1,1,34.37,Suspicious
164,87,95,87,94,1,0,0,1,1,1,14.52,Genuine
3254,55,74,64,49,4,0,3,1,2,2,46.67,Suspicious
4999,45,80,77,80,2,1,1,1,3,3,30.75,Suspicious
1873,45,49,56,48,3,1,1,3,1,1,36.74,Suspicious
1949,26,60,41,33,5,7,3,5,5,5,73.0,Fake
3855,69,72,79,78,2,1,0,1,2,1,20.79,Suspicious
1584,62,70,64,79,3,0,1,4,3,2,39.61,Suspicious
3138,97,85,89,86,0,1,0,1,0,1,11.35,Genuine
4299,43,46,29,17,9,7,4,6,3,5,84.52,Fake
745,84,94,99,92,0,0,1,1,1,0,8.99,Genuine
1966,48,31,41,34,7,6,6,5,7,6,86.05,Fake
3322,81,82,94,94,0,0,0,1,0,0,12.51,Genuine
3822,45,33,16,58,9,6,7,3,4,9,80.32,Fake
1002,89,81,87,90,1,1,0,1,0,0,11.14,Genuine
2356,99,92,84,100,1,1,1,1,0,1,9.66,Genuine
2257,38,60,13,16,6,5,5,6,6,5,80.8,Fake
1984,99,85,82,93,0,1,1,0,0,1,13.96,Genuine
2186,57,75,69,77,4,0,1,2,1,2,36.41,Suspicious
1143,55,69,79,66,1,2,3,3,3,1,37.61,Suspicious
2034,92,86,83,85,1,1,0,0,0,1,19.05,Genuine
406,82,89,86,87,1,0,0,1,1,0,12.61,Genuine
3652,25,43,44,44,6,3,5,4,7,5,73.79,Fake
2005,11,30,33,57,3,6,6,4,5,5,77.35,Fake
3215,66,51,52,62,4,1,2,1,3,3,52.18,Suspicious
2683,57,60,73,72,4,0,3,2,3,3,43.15,Suspicious
4540,57,66,73,58,4,3,0,4,3,3,41.4,Suspicious
2370,80,46,72,68,3,0,0,2,3,3,35.53,Suspicious
2951,96,81,82,92,1,0,1,1,0,1,15.45,Genuine
3887,18,27,30,24,3,3,3,4,7,7,79.41,Fake
1187,66,40,59,68,4,2,1,2,1,3,37.8,Suspicious
1312,12,13,15,32,7,3,4,4,4,5,82.68,Fake
4089,25,24,14,15,8,4,5,6,2,6,87.19,Fake
4392,60,53,73,46,2,1,1,3,1,2,41.46,Suspicious
4075,42,31,58,36,4,2,7,3,3,3,62.81,Fake
1085,59,12,27,19,4,4,7,3,4,5,77.19,Fake
1328,34,43,35,15,4,2,7,5,4,7,77.71,Fake
4195,35,16,16,17,5,6,3,4,6,7,86.65,Fake
4030,45,58,57,60,9,4,4,5,6,5,75.64,Fake
2604,100,84,84,87,0,1,1,1,1,0,7.73,Genuine
656,89,98,82,96,0,0,1,1,1,0,8.29,Genuine
3859,33,36,16,39,3,7,3,6,5,9,79.86,Fake
3217,55,41,33,57,9,5,2,4,3,7,81.9,Fake
1027,59,41,21,55,5,5,7,6,6,6,71.62,Fake
1297,51,53,59,51,1,2,3,4,2,3,46.52,Suspicious
2334,11,12,18,58,6,3,7,4,4,6,86.33,Fake
3241,17,39,47,38,7,2,4,3,2,4,73.2,Fake
989,20,13,43,47,8,5,7,5,7,4,84.76,Fake
2878,32,10,33,29,9,2,5,4,6,3,73.59,Fake
4419,69,55,61,72,3,2,3,1,1,1,34.7,Suspicious
295,66,45,77,69,2,0,3,2,3,3,43.23,Suspicious
2874,82,81,82,93,0,1,0,1,0,1,15.52,Genuine
4235,52,59,15,42,8,5,5,6,3,7,79.64,Fake
1812,78,61,58,46,4,2,0,3,1,2,43.82,Suspicious
653,95,90,88,86,0,0,1,1,0,1,10.55,Genuine
547,42,45,11,13,6,2,2,3,6,9,70.65,Fake
1702,33,46,38,40,7,5,5,7,5,8,83.17,Fake
4394,62,56,53,58,1,0,2,4,2,3,44.88,Suspicious
1558,85,94,98,89,1,1,1,0,0,1,9.23,Genuine
2382,99,99,97,100,1,0,0,0,1,1,11.71,Genuine
1049,65,66,65,71,4,0,0,3,2,3,34.34,Suspicious
4842,94,100,99,86,0,0,1,1,0,1,9.37,Genuine
722,97,99,88,98,0,0,0,0,1,1,6.64,Genuine
2868,51,10,55,45,4,5,7,5,5,4,65.89,Fake
3318,71,77,52,45,2,0,0,4,3,3,30.66,Suspicious
4257,58,51,71,70,4,3,1,4,2,1,38.16,Suspicious
2905,45,78,78,68,4,1,3,2,1,3,42.57,Suspicious
417,34,27,48,19,3,3,5,4,4,9,67.93,Fake
4591,96,92,92,98,1,0,1,0,1,1,9.94,Genuine
1477,76,65,55,69,3,0,0,3,3,3,36.07,Suspicious
3178,97,85,89,90,0,0,1,0,0,0,10.48,Genuine
1596,93,85,82,85,1,1,1,0,1,0,9.97,Genuine
3998,75,64,61,73,4,2,0,1,2,2,33.44,Suspicious
1945,75,73,57,67,1,0,3,2,3,3,42.66,Suspicious
4960,67,56,65,54,3,3,1,2,3,3,44.86,Suspicious
3223,58,52,69,46,4,2,2,1,2,3,47.79,Suspicious
597,46,40,51,64,3,2,1,3,3,1,40.27,Suspicious
832,56,30,40,41,3,6,6,6,5,4,70.09,Fake
2297,33,59,50,42,6,3,7,4,7,3,66.78,Fake
3005,25,53,59,52,3,7,7,4,4,6,74.3,Fake
1929,27,30,51,45,3,7,3,3,6,3,62.03,Fake
2250,95,85,95,98,0,1,0,0,0,0,8.11,Genuine
5000,51,58,51,49,2,3,0,4,3,1,41.49,Suspicious
2599,56,32,26,52,7,2,4,3,3,9,79.33,Fake
4384,86,91,90,92,1,1,1,0,1,0,19.64,Genuine
459,98,100,90,87,0,1,1,1,1,1,11.13,Genuine
568,44,38,17,26,9,5,6,7,6,4,89.81,Fake
2782,32,29,16,15,5,2,5,4,7,5,77.05,Fake
1121,58,47,64,62,3,0,2,4,2,1,34.78,Suspicious
130,29,57,11,29,9,3,2,4,6,7,82.33,Fake
168,16,39,16,12,3,5,2,7,2,9,83.95,Fake
1064,49,60,50,45,3,0,0,4,3,2,40.66,Suspicious
1602,59,48,36,26,6,7,2,5,5,9,78.57,Fake
4741,67,65,62,68,3,0,1,1,3,3,27.51,Suspicious
3831,73,68,66,53,4,1,2,2,3,1,27.3,Suspicious
4968,97,80,81,88,1,1,1,1,1,0,15.3,Genuine
3337,88,80,97,89,1,0,1,0,0,1,15.65,Genuine
2343,26,13,52,40,9,2,7,7,7,7,87.6,Fake
3746,94,81,92,92,0,1,0,1,0,1,12.07,Genuine
3134,31,40,32,28,6,5,5,3,4,8,74.98,Fake
1739,74,48,79,62,2,0,2,1,2,2,35.6,Suspicious
428,84,87,100,94,0,0,0,0,1,0,6.13,Genuine
784,18,21,31,32,7,7,3,3,5,8,86.38,Fake
353,86,92,86,90,0,1,0,1,1,0,4.14,Genuine
1711,90,80,98,85,1,1,0,1,1,0,16.1,Genuine
1436,20,33,20,53,5,2,6,7,7,6,83.64,Fake
1085,64,43,59,48,1,1,3,4,3,3,44.55,Suspicious
4672,90,95,98,89,0,0,0,1,1,1,9.95,Genuine
1539,62,51,71,50,4,2,0,1,2,2,42.06,Suspicious
2745,73,76,49,57,3,2,0,2,2,1,34.76,Suspicious
2026,57,53,45,37,3,2,6,5,3,3,57.24,Fake
186,98,85,80,96,1,1,1,1,0,1,22.11,Genuine
996,98,86,93,89,1,1,1,1,1,1,15.8,Genuine
3908,66,70,71,71,4,1,2,3,1,1,30.13,Suspicious
1771,39,30,56,44,6,4,7,6,6,5,76.51,Fake
920,26,47,45,43,8,3,3,4,4,9,83.61,Fake
2814,50,12,10,46,3,2,6,5,5,3,67.23,Fake
2480,20,54,44,28,6,4,4,7,4,4,69.44,Fake
3593,40,37,54,46,9,7,3,3,7,7,84.72,Fake
4154,55,21,19,55,6,5,3,5,6,4,70.96,Fake
2298,92,93,91,89,0,1,1,0,1,0,11.67,Genuine
3779,96,87,100,87,0,1,0,1,1,1,11.86,Genuine
2605,62,76,55,55,4,3,1,3,1,1,43.48,Suspicious
1051,46,69,61,73,1,1,3,1,1,3,39.27,Suspicious
2375,73,45,60,78,3,0,2,3,3,1,34.09,Suspicious
2265,79,78,73,73,2,0,3,1,3,1,27.77,Suspicious
3782,22,22,21,41,5,5,5,4,7,6,86.59,Fake
4187,57,41,14,53,8,3,7,5,6,5,77.63,Fake
4292,49,69,59,52,2,1,3,1,3,2,36.51,Suspicious
3865,48,55,65,65,4,0,2,4,1,2,41.27,Suspicious
2354,85,93,88,86,0,0,1,1,0,0,13.54,Genuine
3372,46,30,27,14,5,3,6,3,4,5,81.84,Fake
3559,98,95,87,86,1,1,0,1,0,0,14.35,Genuine
1151,84,98,98,95,1,0,0,1,1,0,10.46,Genuine
3167,43,35,28,35,6,4,3,6,3,8,83.24,Fake
981,65,74,49,52,2,2,3,2,2,3,48.54,Suspicious
3471,78,64,59,75,1,2,3,3,3,3,39.84,Suspicious
898,79,40,59,68,3,1,2,2,1,1,37.55,Suspicious
2155,49,55,55,79,4,2,1,3,3,2,42.46,Suspicious
803,41,11,31,50,4,5,4,3,4,8,77.01,Fake
1085,29,33,44,26,7,7,7,5,5,9,86.35,Fake
2511,29,44,42,60,5,6,6,6,7,7,77.87,Fake
1941,23,15,20,36,8,6,7,7,3,7,88.9,Fake
1692,89,80,98,97,0,1,0,1,0,1,12.86,Genuine
2395,26,12,18,17,3,2,6,4,2,9,76.4,Fake
1564,100,97,84,97,1,1,0,0,0,1,11.67,Genuine
788,50,57,36,48,7,5,6,4,4,3,69.56,Fake
1336,84,83,91,97,0,1,1,0,0,0,14.63,Genuine
2925,78,56,56,69,4,0,1,4,3,1,33.74,Suspicious
3404,37,31,43,29,3,3,3,4,6,5,64.53,Fake
2324,41,12,13,15,3,3,3,4,3,7,75.44,Fake
1726,49,29,36,16,5,5,2,5,3,7,81.95,Fake
3838,35,36,33,14,4,7,5,4,4,4,73.75,Fake
4686,24,38,56,54,8,6,7,7,3,8,91.58,Fake
632,100,86,95,93,1,1,1,0,0,1,5.77,Genuine
2699,40,56,55,60,4,2,4,7,7,9,67.34,Fake
1196,46,44,71,76,1,3,1,4,2,3,43.0,Suspicious
2741,60,41,56,71,3,3,2,3,3,1,43.27,Suspicious
1818,39,39,16,25,5,6,3,3,7,4,63.07,Fake
2279,89,84,84,89,0,0,0,1,0,0,9.87,Genuine
4438,90,96,83,97,0,0,1,0,0,1,10.37,Genuine
379,90,91,87,96,0,1,1,1,0,0,9.36,Genuine
3824,11,18,47,38,8,3,7,5,6,4,79.4,Fake
2152,73,44,48,59,2,3,1,3,1,3,44.24,Suspicious
4873,39,13,34,30,3,2,6,6,3,7,81.55,Fake
2048,48,60,57,57,2,3,3,3,3,1,44.58,Suspicious
2857,96,88,82,93,1,0,1,0,1,1,19.08,Genuine
297,43,23,45,36,3,7,2,7,4,6,74.41,Fake
1359,56,58,39,55,8,5,6,6,3,4,74.26,Fake
1187,85,82,99,100,1,1,1,1,0,0,12.37,Genuine
2451,35,37,53,52,9,6,2,6,5,3,74.6,Fake
3448,55,58,45,61,4,2,3,2,2,3,47.12,Suspicious
1730,66,57,73,60,2,2,0,2,3,2,33.11,Suspicious
1375,98,91,98,90,0,0,1,0,0,0,10.1,Genuine
4922,45,55,50,64,2,2,0,3,3,1,30.72,Suspicious
2146,57,73,63,53,4,2,0,3,1,2,42.11,Suspicious
2137,89,89,89,97,1,1,0,1,1,1,11.6,Genuine
4070,83,95,91,98,1,0,1,0,1,1,15.03,Genuine
3727,45,47,67,47,4,1,0,3,2,3,40.22,Suspicious
502,83,81,93,97,0,1,0,0,1,1,15.17,Genuine
3827,89,80,92,85,0,1,0,0,0,0,15.69,Genuine
4657,19,51,26,11,5,2,3,6,2,8,79.03,Fake
4472,33,17,52,18,9,2,7,3,4,5,81.92,Fake
2366,96,84,98,90,1,0,0,0,1,0,13.41,Genuine
3285,61,76,63,79,3,1,1,2,2,3,42.19,Suspicious
729,63,67,71,57,1,1,2,1,1,3,36.27,Suspicious
1664,85,90,96,94,0,1,1,0,0,1,15.19,Genuine
2912,83,88,95,87,1,1,1,1,0,0,17.83,Genuine
1670,96,87,93,97,0,0,0,0,1,1,3.75,Genuine
1905,60,68,74,56,3,2,3,2,2,1,37.73,Suspicious
3820,93,82,94,96,0,1,0,1,0,0,3.59,Genuine
2659,17,47,59,28,9,3,3,3,2,5,72.24,Fake
3073,99,97,81,93,1,1,1,0,0,0,14.43,Genuine
4579,74,48,60,48,2,0,3,3,3,2,45.56,Suspicious
3944,87,89,85,95,1,1,1,0,0,1,14.12,Genuine
1723,99,86,81,93,0,1,0,1,1,1,14.35,Genuine
3248,70,51,61,58,2,0,1,1,1,3,34.94,Suspicious
4713,69,52,56,53,4,3,0,4,1,1,40.73,Suspicious
3835,100,91,95,100,1,1,1,0,1,0,10.43,Genuine
2291,91,84,100,99,1,1,1,0,0,0,14.49,Genuine
1776,88,84,90,96,1,1,1,1,1,1,10.25,Genuine
2914,86,96,81,95,0,0,0,0,1,1,12.92,Genuine
3904,96,87,95,85,0,1,0,0,0,1,8.19,Genuine
4297,40,37,20,41,4,5,7,5,5,5,71.77,Fake
1233,91,96,92,86,0,0,1,0,1,1,9.79,Genuine
622,57,15,50,45,5,5,3,7,5,3,67.92,Fake
3504,54,39,43,39,5,7,5,3,2,3,67.05,Fake
1953,99,80,80,85,0,0,0,1,0,1,13.71,Genuine
1587,61,49,46,61,3,3,3,1,3,3,47.31,Suspicious
1488,80,45,75,64,4,0,3,1,2,2,35.71,Suspicious
390,20,37,14,21,5,2,7,4,3,4,77.34,Fake
3592,34,31,14,47,3,6,2,7,5,3,60.4,Fake
328,75,56,69,53,2,2,0,4,3,1,29.61,Suspicious
2431,30,44,21,35,5,4,6,6,3,7,76.87,Fake
3198,30,21,35,38,8,4,6,6,6,7,89.08,Fake
394,14,45,16,41,7,6,4,5,7,8,89.36,Fake
213,59,11,17,23,4,6,3,7,3,8,81.54,Fake
3845,92,86,91,100,1,1,1,1,1,1,20.0,Genuine
2926,96,91,96,94,1,0,1,1,1,0,13.05,Genuine
2607,94,90,89,95,0,0,0,0,1,1,7.6,Genuine
1657,67,59,62,62,2,3,1,1,3,2,35.64,Suspicious
1372,40,15,12,20,9,6,5,6,3,8,94.11,Fake
282,98,89,98,98,0,0,0,0,0,0,5.82,Genuine
283,53,13,59,32,3,6,5,4,3,4,65.91,Fake
3629,76,63,79,62,3,2,1,2,1,1,35.03,Suspicious
3776,99,95,85,89,0,1,1,1,1,0,10.98,Genuine
217,29,17,38,17,3,3,4,4,3,8,77.17,Fake
3338,68,79,77,61,4,0,0,2,1,2,31.15,Suspicious
172,51,51,46,58,2,0,0,1,3,1,33.89,Suspicious
2485,74,47,78,53,3,3,3,1,3,1,34.82,Suspicious
2345,56,17,54,10,4,3,4,7,4,7,73.85,Fake
4224,99,83,99,98,0,0,0,0,0,0,0.0,Genuine
1693,55,49,27,51,6,5,7,6,3,9,78.38,Fake
4907,14,42,28,28,3,6,5,4,6,8,76.35,Fake
676,59,64,67,69,2,2,1,1,2,1,25.28,Suspicious
4345,85,88,85,97,0,1,1,1,0,0,5.17,Genuine
189,89,96,91,92,1,1,0,0,1,1,17.17,Genuine
1472,91,91,97,99,1,1,0,1,0,0,11.8,Genuine
4246,60,75,49,73,4,2,2,2,1,1,46.36,Suspicious
1102,57,74,61,74,2,1,0,4,2,2,33.3,Suspicious
2187,67,42,55,73,2,3,1,2,1,2,41.61,Suspicious
2781,85,87,84,93,0,0,1,0,1,0,17.96,Genuine
4647,97,100,86,85,0,0,1,0,1,0,9.54,Genuine
4358,29,40,39,25,4,2,3,5,3,5,60.92,Fake
2250,56,21,37,22,4,3,3,3,2,8,78.96,Fake
4903,50,51,73,57,4,1,3,3,1,3,44.23,Suspicious
737,83,91,91,99,1,1,0,0,0,1,20.59,Genuine
1229,88,92,95,97,0,1,1,0,0,1,14.38,Genuine
174,96,95,82,89,1,1,1,1,0,0,10.58,Genuine
2896,95,90,93,87,0,1,0,0,0,0,9.17,Genuine
2809,64,57,80,45,2,2,3,3,3,1,37.41,Suspicious
4211,73,43,61,79,1,0,2,3,3,1,28.46,Suspicious
1818,44,26,18,44,6,6,3,6,4,8,81.18,Fake
2391,53,55,65,74,3,0,2,4,1,2,40.06,Suspicious
2718,79,75,72,47,1,0,2,3,2,1,32.37,Suspicious
176,50,67,79,55,4,0,1,2,1,3,37.28,Suspicious
2779,17,41,60,48,7,5,2,6,2,9,82.58,Fake
3431,89,99,81,95,1,0,1,0,0,1,11.8,Genuine
2122,72,61,63,60,4,1,0,3,1,1,32.99,Suspicious
1137,45,61,75,67,4,0,3,3,2,2,37.91,Suspicious
3819,13,58,39,48,4,5,7,4,2,7,78.78,Fake
2490,59,46,48,47,3,1,1,1,1,2,39.53,Suspicious
4628,100,96,84,86,1,1,1,1,0,0,12.76,Genuine
2701,45,34,39,27,9,4,4,7,4,8,89.26,Fake
3362,80,48,75,75,3,2,2,3,2,1,31.74,Suspicious
1392,87,99,80,92,1,0,0,0,1,0,9.84,Genuine
2362,24,42,20,28,4,3,7,4,5,4,70.22,Fake
4578,53,59,46,45,4,1,2,2,3,2,46.74,Suspicious
4720,25,48,11,59,6,2,5,4,6,6,73.83,Fake
764,49,59,67,76,2,0,2,3,3,3,38.25,Suspicious
3587,48,80,75,53,2,0,0,4,2,2,31.11,Suspicious
4811,89,85,95,93,1,1,0,1,0,0,10.99,Genuine
222,100,83,80,91,1,0,0,1,0,1,14.05,Genuine
1037,46,25,21,50,7,6,5,5,7,6,83.55,Fake
3905,41,35,16,45,9,4,4,7,6,4,75.96,Fake
3526,61,75,66,67,1,1,2,4,1,3,37.34,Suspicious
2583,51,42,70,75,4,1,1,3,3,1,34.51,Suspicious
3661,96,91,85,87,0,0,0,0,1,0,10.98,Genuine
4382,47,13,25,41,9,3,7,3,4,4,76.46,Fake
891,77,41,76,49,4,0,1,1,2,3,35.16,Suspicious
1008,23,24,30,23,5,3,7,3,5,3,75.66,Fake
1846,44,28,15,49,8,6,5,4,4,6,86.71,Fake
1496,95,89,98,93,1,1,1,1,1,0,9.77,Genuine
4814,53,62,76,73,1,3,3,4,3,3,44.66,Suspicious
3044,71,44,64,55,2,1,3,2,2,3,44.56,Suspicious
4350,56,31,37,34,3,4,2,7,6,3,59.82,Fake
3557,86,81,80,94,0,1,0,0,1,0,8.96,Genuine
2236,86,90,80,85,0,1,0,1,0,0,15.53,Genuine
4176,34,46,44,31,6,4,3,5,7,3,61.42,Fake
1368,15,28,46,10,3,3,7,4,4,9,81.03,Fake
2573,59,16,44,42,6,6,4,6,2,7,87.65,Fake
230,77,63,49,79,2,1,0,4,2,2,34.36,Suspicious
1085,83,82,83,87,0,0,1,1,0,0,6.66,Genuine
1698,78,77,52,65,1,1,0,4,1,2,32.15,Suspicious
4694,95,100,95,85,0,0,0,1,0,0,10.89,Genuine
4265,18,13,16,32,4,2,7,5,4,4,82.46,Fake
916,73,77,78,70,1,2,2,4,1,1,29.58,Suspicious
3317,22,58,39,30,3,2,7,3,4,7,69.68,Fake
2560,85,97,88,90,1,1,1,0,0,1,15.76,Genuine
4941,67,71,52,48,4,1,2,4,3,2,44.43,Suspicious
1456,80,77,50,61,4,0,2,4,1,1,38.96,Suspicious
4911,68,63,60,75,1,2,0,3,1,1,28.32,Suspicious
1400,57,40,29,45,9,2,6,4,2,8,80.59,Fake
2305,39,48,18,42,4,2,4,5,6,9,72.77,Fake
3287,22,47,30,35,7,3,7,6,4,4,77.47,Fake
1748,84,99,80,88,0,1,0,1,0,0,11.02,Genuine
1651,90,84,91,85,0,0,0,0,1,0,6.84,Genuine
2785,60,44,29,25,6,3,4,4,2,9,79.21,Fake
1269,10,46,49,27,6,7,2,6,5,3,73.77,Fake
403,96,93,97,95,1,1,1,1,0,0,9.91,Genuine
1083,92,96,82,99,1,1,0,0,0,1,13.49,Genuine
4780,48,42,67,60,1,0,2,3,3,2,40.18,Suspicious
1089,91,99,95,87,1,0,1,0,0,0,10.85,Genuine
1790,60,40,59,68,3,1,1,2,2,1,35.72,Suspicious
3896,24,41,17,42,4,6,6,3,6,4,67.15,Fake
3110,75,64,48,57,4,2,3,2,2,1,40.14,Suspicious
2361,72,74,66,67,4,2,3,2,2,1,37.04,Suspicious
1380,71,69,59,78,3,3,3,1,1,1,35.66,Suspicious
1251,56,80,52,72,4,2,3,3,1,3,49.35,Suspicious
4754,74,50,64,55,4,2,1,1,3,3,40.32,Suspicious
4131,29,17,44,51,7,2,7,7,6,7,83.77,Fake
3465,26,35,23,55,5,5,5,5,4,7,80.39,Fake
2231,77,50,67,77,4,3,3,4,1,1,40.84,Suspicious
302,72,75,48,63,2,3,1,3,1,3,40.52,Suspicious
3010,85,99,90,87,0,1,0,1,0,1,10.95,Genuine
164,87,95,92,92,0,0,0,1,1,1,14.8,Genuine
3516,44,34,37,42,9,3,2,7,2,9,84.23,Fake
2411,99,82,84,98,0,1,1,1,1,1,11.89,Genuine
962,80,89,94,97,1,1,0,1,0,0,10.94,Genuine
3410,66,67,74,57,4,2,2,1,1,2,43.48,Suspicious
2942,83,85,85,99,1,0,1,0,1,0,14.52,Genuine
2500,65,67,63,58,3,3,3,4,2,1,38.62,Suspicious
3344,83,83,89,95,1,0,0,0,0,0,11.12,Genuine
4144,93,91,95,88,1,0,1,0,1,0,10.55,Genuine
1551,76,70,46,51,4,2,2,3,3,1,42.27,Suspicious
943,70,63,54,52,2,3,2,4,1,1,41.11,Suspicious
145,80,56,56,60,1,2,1,2,3,3,40.32,Suspicious
1642,56,72,51,53,1,3,3,1,1,3,44.33,Suspicious
3191,95,93,92,89,1,1,1,0,0,1,18.47,Genuine
193,46,48,80,66,4,1,1,2,3,1,42.45,Suspicious
1660,28,44,57,50,5,4,7,6,4,5,75.67,Fake
837,85,93,94,98,1,1,0,1,0,0,14.92,Genuine
1456,31,40,45,18,8,4,2,5,6,5,78.22,Fake
2861,76,69,66,68,2,3,0,4,2,3,40.93,Suspicious
2362,93,90,93,96,1,1,0,1,1,1,16.11,Genuine
4445,46,41,42,10,5,7,3,7,5,4,74.09,Fake
1741,51,15,23,35,6,5,5,5,3,5,78.9,Fake
111,73,45,61,61,2,3,0,2,1,1,32.68,Suspicious
3149,43,53,13,45,4,4,6,5,2,8,71.84,Fake
4741,69,77,69,61,2,0,2,3,2,2,29.81,Suspicious
3142,26,31,47,44,7,7,2,3,7,4,73.34,Fake
3104,90,97,92,87,1,0,1,0,0,1,7.33,Genuine
1521,48,67,57,47,1,3,2,4,3,1,40.22,Suspicious
196,35,50,23,49,4,4,3,4,5,6,68.03,Fake
1720,71,76,69,78,3,0,2,3,1,3,36.21,Suspicious
3667,39,28,24,29,4,3,7,4,5,3,71.37,Fake
4991,72,46,68,54,1,2,0,4,3,3,35.51,Suspicious
764,88,91,92,98,1,0,1,0,1,1,14.09,Genuine
4702,37,10,49,39,3,7,4,7,6,4,70.22,Fake
3212,94,92,84,86,1,1,1,0,1,0,15.24,Genuine
1031,92,85,89,88,1,1,0,0,0,1,14.42,Genuine
168,86,88,87,89,1,0,1,0,0,0,9.35,Genuine
509,11,39,39,58,9,6,2,7,4,4,80.57,Fake
1566,13,14,49,15,7,5,4,5,6,5,85.57,Fake
1716,42,27,24,50,5,3,3,4,5,4,69.09,Fake
3559,48,13,39,47,5,7,5,5,4,3,68.24,Fake
1396,87,91,83,86,1,0,0,1,0,1,17.66,Genuine
3499,38,21,23,17,3,3,6,4,6,6,77.02,Fake
341,97,89,98,96,1,0,1,1,0,0,8.92,Genuine
4143,14,59,35,60,4,4,7,5,7,6,76.07,Fake
2983,92,100,84,88,0,0,1,0,0,0,9.51,Genuine
572,34,14,57,38,9,4,2,7,7,6,83.28,Fake
2334,37,56,21,34,8,5,5,3,4,7,81.11,Fake
4161,18,58,29,37,6,2,6,6,2,6,83.81,Fake
149,46,32,16,26,6,7,6,5,3,8,81.74,Fake
1888,69,76,72,59,4,2,0,4,3,3,38.89,Suspicious
1890,58,75,62,49,2,0,3,1,3,1,33.92,Suspicious
1433,100,80,80,98,0,0,1,1,1,1,13.74,Genuine
4869,49,58,66,63,2,2,1,4,1,3,41.27,Suspicious
1272,91,98,96,97,0,1,1,0,0,0,10.88,Genuine
1813,55,39,46,12,8,3,4,5,3,5,77.5,Fake
1191,55,58,62,61,3,2,3,4,1,1,45.39,Suspicious
1789,99,94,80,95,1,0,0,1,0,1,10.26,Genuine
927,46,48,50,72,4,1,0,4,3,2,41.99,Suspicious
1716,20,44,56,17,9,6,7,3,4,6,88.87,Fake
2729,86,90,92,94,0,0,0,1,1,0,14.09,Genuine
3188,50,79,79,61,1,2,3,4,1,2,36.42,Suspicious
274,56,61,71,47,2,0,1,1,3,1,31.9,Suspicious
1669,35,47,60,45,6,2,4,5,6,8,70.91,Fake
4084,94,91,87,94,1,0,0,1,0,1,9.8,Genuine
1224,78,68,53,75,3,0,1,2,1,2,32.44,Suspicious
3748,90,96,86,95,1,1,0,1,1,1,14.65,Genuine
2668,67,79,74,63,4,1,1,3,3,2,32.81,Suspicious
158,93,83,80,91,1,0,1,0,0,1,14.05,Genuine
4263,93,91,83,97,1,1,0,0,1,0,7.79,Genuine
4299,89,87,98,94,0,1,1,0,1,1,12.18,Genuine
3496,55,68,46,60,3,0,0,1,1,3,36.35,Suspicious
2576,59,14,15,39,9,2,4,6,2,4,74.92,Fake
3156,46,70,63,55,2,2,0,3,3,3,41.75,Suspicious
4849,93,84,88,90,0,0,0,0,1,1,14.16,Genuine
4344,87,88,97,87,0,1,0,0,0,0,10.29,Genuine
4171,88,99,88,99,0,0,1,0,0,1,10.85,Genuine
2644,91,89,100,100,1,0,0,0,1,1,14.77,Genuine
3166,12,41,11,25,6,2,6,6,5,7,83.72,Fake
909,38,40,47,17,9,6,4,6,3,4,78.81,Fake
1346,52,54,75,74,2,3,3,3,1,3,46.04,Suspicious
3719,32,41,40,28,9,2,5,3,5,6,82.06,Fake
4675,67,43,56,68,1,3,3,3,2,3,38.38,Suspicious
3655,55,50,79,63,4,1,0,4,1,3,41.33,Suspicious
2830,96,82,95,99,1,1,1,1,0,0,16.16,Genuine
3906,70,65,51,54,1,2,3,4,2,3,41.56,Suspicious
3706,80,94,91,97,1,0,0,0,0,1,19.07,Genuine
1636,48,47,23,27,5,6,2,6,7,4,69.91,Fake
1682,55,63,52,78,2,1,0,3,2,2,34.91,Suspicious
3956,42,18,39,27,4,5,7,3,3,3,73.18,Fake
3890,91,98,82,97,0,1,0,0,0,0,7.14,Genuine
1012,71,65,62,77,4,0,1,4,2,2,34.86,Suspicious
739,76,59,54,57,3,0,2,1,2,1,38.79,Suspicious
1289,92,82,82,92,0,1,0,1,0,0,6.24,Genuine
840,92,90,98,91,1,1,1,0,0,0,10.19,Genuine
2817,74,76,67,54,2,0,3,2,3,2,32.35,Suspicious
2051,67,73,65,77,1,2,3,1,2,1,25.35,Suspicious
3287,98,87,82,85,0,0,0,0,1,1,10.12,Genuine
3579,52,46,47,61,2,2,1,1,2,2,46.28,Suspicious
3563,80,81,81,91,0,1,0,1,1,0,16.53,Genuine
2813,63,69,59,58,1,0,0,4,1,3,36.51,Suspicious
1060,89,100,80,87,1,1,1,1,1,0,10.03,Genuine
345,96,80,95,99,0,0,0,1,0,0,0.18,Genuine
2265,91,89,92,96,0,0,1,1,1,1,12.48,Genuine
1833,89,81,87,92,0,1,1,1,1,1,19.85,Genuine
4033,35,12,55,15,6,2,2,6,6,9,82.76,Fake
2683,84,84,89,96,0,0,0,1,1,1,12.9,Genuine
4846,53,56,18,43,3,4,6,7,4,8,76.44,Fake
1884,77,58,52,75,3,3,0,1,2,3,45.88,Suspicious
348,45,47,39,27,8,5,3,3,2,9,83.36,Fake
4672,65,51,73,77,3,1,0,3,2,3,35.12,Suspicious
1075,57,47,67,45,1,2,3,3,1,1,35.23,Suspicious
2761,66,63,80,80,4,3,3,1,2,2,37.14,Suspicious
2143,49,14,47,51,9,5,5,5,2,9,87.69,Fake
3195,48,43,60,70,2,0,1,2,3,3,42.48,Suspicious
4292,77,71,76,45,2,0,3,4,1,3,31.73,Suspicious
1068,33,20,18,21,5,5,5,6,2,7,84.01,Fake
2663,62,52,73,68,2,0,3,2,1,1,33.29,Suspicious
3527,93,86,91,90,0,0,1,0,0,1,9.93,Genuine
1511,40,30,32,26,8,5,7,6,4,9,88.15,Fake
3998,79,49,76,47,4,1,2,1,3,2,42.7,Suspicious
2005,65,76,56,50,3,2,2,1,1,1,33.6,Suspicious
2331,90,87,96,93,1,0,0,0,0,1,14.48,Genuine
4252,34,26,58,29,6,3,6,5,3,9,78.26,Fake
3866,56,13,41,28,7,2,2,3,5,4,66.17,Fake
205,37,57,53,23,6,5,6,6,3,9,81.74,Fake
4267,83,84,100,90,0,0,1,1,0,0,12.73,Genuine
1035,40,20,32,11,3,4,4,4,6,7,82.43,Fake
1756,83,97,99,92,1,0,1,0,1,0,10.42,Genuine
3274,30,17,18,55,3,7,5,6,7,7,81.35,Fake
558,47,12,10,40,9,5,7,3,3,3,81.83,Fake
3612,80,91,87,87,0,1,1,1,0,1,15.78,Genuine
3121,35,57,30,32,4,5,7,4,6,8,76.98,Fake
2770,10,12,19,46,9,5,2,3,6,7,86.67,Fake
1534,92,87,93,86,0,0,1,1,1,1,16.66,Genuine
2091,79,41,66,72,4,1,2,4,3,1,39.94,Suspicious
4080,83,84,98,94,1,0,0,0,0,0,16.41,Genuine
1282,92,80,98,91,1,1,1,1,1,1,13.92,Genuine
130,57,14,36,21,5,6,4,3,5,5,80.16,Fake
4733,58,73,62,68,2,2,2,4,3,1,37.97,Suspicious
3474,28,56,21,45,8,5,3,3,4,5,84.34,Fake
2459,19,47,20,13,4,7,7,3,5,4,77.19,Fake
1640,90,100,91,89,0,0,0,0,0,0,4.88,Genuine
2212,89,85,96,98,1,1,0,0,1,0,9.45,Genuine
2088,13,34,46,52,8,6,2,5,7,9,83.38,Fake
2268,82,96,92,100,1,0,1,0,0,0,4.63,Genuine
4439,79,41,56,73,2,1,1,2,2,2,44.88,Suspicious
4695,59,63,75,64,2,2,1,2,2,3,35.98,Suspicious
3279,81,90,99,85,0,1,0,0,1,0,11.29,Genuine
4450,86,87,90,97,1,1,1,0,0,0,15.05,Genuine
4250,64,72,58,80,1,0,1,4,2,1,28.86,Suspicious
1146,42,22,36,27,4,6,7,5,3,7,81.18,Fake
2969,97,82,90,95,0,1,0,0,0,0,4.72,Genuine
717,17,60,51,40,7,3,3,4,3,3,64.82,Fake
2329,35,20,17,53,5,7,5,7,3,8,83.88,Fake
1658,20,25,39,34,5,3,7,3,4,9,76.81,Fake
453,29,33,56,14,7,7,5,5,7,7,84.25,Fake
114,55,71,72,60,2,1,1,2,2,2,36.92,Suspicious
4127,100,94,82,100,0,0,0,0,0,1,7.07,Genuine
750,80,92,81,90,1,1,0,0,1,0,12.37,Genuine
2623,32,21,40,20,4,4,6,4,6,4,70.1,Fake
1613,46,56,75,57,3,0,1,2,3,1,37.53,Suspicious
749,93,94,80,87,1,0,1,1,1,1,15.93,Genuine
2962,100,87,99,97,0,0,1,1,1,0,3.13,Genuine
3571,96,86,100,87,0,0,0,1,1,0,9.54,Genuine
1765,18,59,24,58,4,7,3,3,4,3,64.58,Fake
4846,72,76,52,59,2,3,3,1,2,3,46.16,Suspicious
3778,85,86,96,98,1,0,0,1,1,0,8.57,Genuine
3028,62,51,60,74,1,3,1,4,2,2,38.4,Suspicious
3154,50,23,14,20,7,6,4,7,2,8,85.72,Fake
3448,25,50,23,34,8,7,5,5,4,8,81.93,Fake
2897,91,88,96,86,0,1,0,1,1,0,6.44,Genuine
343,17,49,58,56,6,7,7,6,7,4,80.02,Fake
4642,21,44,29,26,7,5,2,4,5,4,69.42,Fake
1446,98,89,80,91,0,1,1,1,1,0,7.35,Genuine
1164,84,84,90,99,0,1,1,0,1,1,13.97,Genuine
1229,82,88,80,95,1,1,1,0,0,0,10.64,Genuine
275,45,59,58,69,4,0,2,1,2,2,38.2,Suspicious
4622,38,25,38,40,4,4,4,5,4,4,69.23,Fake
4593,55,25,58,56,6,5,4,6,7,5,73.14,Fake
1227,18,33,58,25,3,5,3,4,6,6,67.91,Fake
774,67,72,58,45,3,3,1,4,1,3,43.61,Suspicious
1165,14,33,43,56,9,5,5,3,3,6,90.01,Fake
4063,88,92,96,99,1,1,0,1,1,0,13.34,Genuine
2222,20,11,25,60,9,4,4,6,5,8,93.69,Fake
2387,73,47,78,58,2,1,2,2,2,3,36.76,Suspicious
2797,78,73,80,75,4,3,0,4,1,1,34.14,Suspicious
526,58,64,66,74,4,0,3,4,3,2,42.93,Suspicious
1676,59,75,49,59,3,1,0,2,2,2,38.49,Suspicious
669,47,70,50,58,3,1,1,2,1,3,43.94,Suspicious
2593,95,92,82,92,1,0,1,0,1,0,14.39,Genuine
645,85,91,96,94,0,1,1,1,0,0,9.94,Genuine
1562,77,65,65,53,4,0,0,1,1,1,31.84,Suspicious
1722,10,11,32,37,7,2,5,7,5,4,73.41,Fake
874,62,71,80,63,4,2,3,4,3,3,43.73,Suspicious
1024,90,99,85,92,0,1,1,1,1,1,10.02,Genuine
1516,61,73,69,66,2,0,2,2,1,1,31.01,Suspicious
925,92,94,96,99,0,1,1,0,1,1,12.15,Genuine
3053,85,92,85,91,1,1,1,1,1,0,15.29,Genuine
4928,37,23,43,57,5,2,6,3,2,9,77.01,Fake
2771,84,92,93,95,1,0,1,1,0,0,9.68,Genuine
2604,49,21,45,49,7,3,6,6,5,3,70.45,Fake
4759,100,85,90,91,1,0,0,1,1,0,7.96,Genuine
1573,87,98,82,86,0,0,1,0,0,1,12.71,Genuine
3961,36,21,13,25,6,4,5,6,3,6,82.41,Fake
2252,77,57,49,53,4,1,2,1,2,3,41.11,Suspicious
2173,73,71,61,58,4,3,3,2,1,3,43.68,Suspicious
3012,49,53,38,18,5,4,6,7,4,7,82.24,Fake
4111,82,85,95,88,1,1,1,1,0,1,15.64,Genuine
267,29,34,23,56,6,4,4,6,6,9,77.23,Fake
2567,66,78,71,48,4,2,3,3,2,3,43.99,Suspicious
4297,98,83,80,97,0,1,1,1,1,1,19.97,Genuine
1317,87,84,99,85,0,0,1,0,0,0,11.54,Genuine
1002,60,37,19,32,6,3,6,4,7,7,79.71,Fake
2825,95,86,80,96,1,1,0,0,1,0,12.77,Genuine
2303,58,63,74,59,1,0,3,1,1,3,43.18,Suspicious
3191,31,35,16,37,8,6,5,4,2,8,83.51,Fake
3874,68,53,70,67,2,3,0,3,2,3,40.86,Suspicious
1372,97,99,92,92,0,0,0,0,0,1,10.36,Genuine
4637,87,98,99,99,0,1,1,0,0,1,4.25,Genuine
3982,55,38,13,41,3,4,7,6,6,6,72.34,Fake
2734,72,52,66,62,3,3,1,3,1,2,42.59,Suspicious
4586,54,51,59,75,3,3,3,4,3,1,41.97,Suspicious
2429,49,69,52,56,2,0,1,2,2,3,33.54,Suspicious
3835,85,98,93,100,1,1,1,0,1,0,7.38,Genuine
764,93,99,89,87,1,0,1,1,0,0,12.1,Genuine
526,94,81,97,88,1,0,1,0,1,0,11.85,Genuine
1213,60,48,65,46,2,0,2,1,1,2,38.58,Suspicious
818,92,84,80,89,1,1,0,1,1,0,9.26,Genuine
1896,57,65,63,45,1,0,3,1,3,2,41.85,Suspicious
4085,82,90,85,98,1,1,1,1,0,0,10.33,Genuine
311,60,10,22,47,4,2,3,6,4,9,74.52,Fake
2541,59,71,47,48,2,0,3,1,1,1,38.86,Suspicious
2155,57,47,48,75,4,2,2,1,1,3,45.38,Suspicious
4186,51,56,40,20,4,5,4,5,2,7,74.66,Fake
4627,51,49,59,55,4,1,0,3,1,3,45.06,Suspicious
914,23,35,31,50,6,3,5,3,5,5,68.33,Fake
169,96,80,86,90,1,1,0,1,1,0,14.44,Genuine
3211,29,37,27,16,7,2,2,7,5,4,70.13,Fake
442,49,69,74,61,4,2,2,3,3,1,42.57,Suspicious
1015,60,41,46,49,2,0,3,2,2,2,36.93,Suspicious
701,77,75,80,58,1,3,0,4,1,3,35.16,Suspicious
694,32,29,47,44,4,7,3,6,5,3,65.74,Fake
3300,10,40,36,53,6,7,6,5,2,9,85.95,Fake
1091,77,68,46,70,4,1,0,4,2,3,40.66,Suspicious
3254,99,90,86,93,0,1,1,1,0,1,8.37,Genuine
641,78,75,46,62,1,2,0,4,2,3,35.19,Suspicious
2949,69,71,79,66,4,2,3,2,2,3,43.76,Suspicious
3216,61,71,54,61,1,0,1,1,1,1,26.98,Suspicious
4129,47,73,63,72,3,3,0,1,3,1,36.06,Suspicious
1774,76,58,49,47,4,1,2,2,1,1,42.58,Suspicious
3742,83,81,81,99,1,0,1,0,0,1,19.05,Genuine
3665,92,100,80,100,0,0,1,0,0,1,9.58,Genuine
4596,76,47,62,80,2,1,2,1,1,1,28.4,Suspicious
685,81,91,84,99,0,0,0,1,0,0,11.86,Genuine
3518,95,100,83,96,1,1,1,0,0,1,15.91,Genuine
2117,94,86,94,91,0,1,1,0,0,0,13.79,Genuine
3673,96,85,90,90,1,1,0,0,1,1,11.31,Genuine
4543,46,41,45,57,2,1,0,3,1,2,36.26,Suspicious
1881,68,50,70,78,4,2,2,2,1,2,38.21,Suspicious
1853,94,85,82,98,1,0,1,1,1,1,14.85,Genuine
3670,97,82,96,92,1,1,1,0,1,1,12.1,Genuine
562,46,49,11,15,6,7,5,7,4,7,82.94,Fake
2110,56,56,65,73,2,2,3,4,3,1,35.15,Suspicious
3947,50,10,15,10,4,4,7,7,2,4,85.04,Fake
2844,14,17,17,44,5,3,4,3,2,6,80.92,Fake
4612,86,96,84,95,1,1,1,0,0,0,13.98,Genuine
2775,87,93,95,90,1,1,0,1,1,1,12.95,Genuine
1281,24,18,56,26,8,5,3,4,5,9,88.14,Fake
4318,97,97,81,89,0,0,1,1,1,1,12.76,Genuine
4423,80,41,60,52,2,0,1,2,1,2,38.95,Suspicious
3978,78,77,72,51,4,2,0,1,3,3,30.73,Suspicious
3031,50,36,39,20,6,3,7,3,3,8,79.8,Fake
1947,98,92,91,88,0,0,0,0,0,1,2.03,Genuine
3057,56,70,46,45,1,0,0,4,2,2,37.37,Suspicious
1535,13,33,43,39,4,4,5,6,4,3,75.5,Fake
4126,10,55,59,33,5,7,4,4,6,8,75.03,Fake
4221,28,24,30,59,4,3,5,7,2,4,69.23,Fake
2254,96,82,99,95,0,0,0,1,0,1,7.7,Genuine
2587,19,45,28,40,6,6,6,3,4,5,81.04,Fake
1102,90,83,90,93,1,1,1,1,0,0,14.23,Genuine
4245,46,34,17,43,9,2,3,5,4,9,84.17,Fake
1521,30,57,17,15,9,7,5,4,4,7,82.39,Fake
3926,93,98,89,89,1,0,1,0,1,1,12.47,Genuine
3371,56,54,68,45,2,1,0,4,3,3,33.89,Suspicious
3148,36,60,43,37,3,6,7,7,2,7,83.48,Fake
615,39,25,22,59,3,4,6,3,7,7,74.38,Fake
3917,11,17,42,47,5,4,7,6,3,7,84.58,Fake
4838,43,56,28,40,7,4,6,4,6,3,71.19,Fake
2406,80,85,100,90,1,1,0,1,0,0,10.79,Genuine
4267,95,97,95,89,0,0,1,0,0,0,4.27,Genuine
367,51,20,18,20,4,6,4,4,3,7,78.94,Fake
2421,79,44,46,64,4,2,3,4,3,2,41.9,Suspicious
4305,38,40,22,21,5,6,3,3,7,3,68.85,Fake
413,58,28,46,30,8,3,6,7,7,9,84.49,Fake
1467,58,23,20,55,7,6,5,4,4,4,75.06,Fake
4234,93,92,100,93,0,0,0,1,1,0,7.95,Genuine
208,60,56,71,63,3,1,1,2,2,2,32.92,Suspicious
3982,94,84,86,92,0,1,1,0,0,1,13.19,Genuine
983,83,88,80,85,1,0,0,1,1,1,13.56,Genuine
656,56,38,31,54,7,5,2,6,6,5,77.18,Fake
1938,18,33,45,38,6,6,3,5,4,9,85.88,Fake
4434,46,59,57,70,3,1,3,4,1,3,47.06,Suspicious
376,81,94,84,87,1,0,0,1,0,1,12.91,Genuine
3399,59,64,57,50,1,1,0,4,2,2,36.81,Suspicious
4561,81,93,83,87,0,1,1,0,0,1,20.25,Genuine
4192,80,52,51,80,3,2,0,4,3,1,34.9,Suspicious
931,96,95,85,94,1,1,1,1,1,0,16.39,Genuine
3618,29,21,44,58,8,2,4,3,4,9,80.45,Fake
1075,80,99,88,91,0,0,0,1,1,0,12.18,Genuine
1656,26,41,24,22,8,3,3,5,2,3,75.68,Fake
4053,83,85,93,88,1,0,1,0,0,0,10.63,Genuine
955,50,75,69,71,2,2,2,3,3,2,42.0,Suspicious
958,55,33,10,33,4,7,5,5,6,8,75.99,Fake
2757,53,26,55,47,4,3,4,6,7,5,62.74,Fake
4151,56,77,74,62,2,1,2,2,1,1,34.5,Suspicious
2666,62,53,57,76,3,3,1,3,1,3,39.55,Suspicious
2585,57,77,47,60,2,2,1,1,3,2,37.37,Suspicious
1590,25,10,13,56,6,2,5,5,6,4,79.19,Fake
287,86,94,96,95,0,1,0,1,0,1,14.21,Genuine
3629,79,80,57,49,1,1,1,1,3,1,23.95,Suspicious
498,67,50,64,63,4,3,1,2,1,1,41.33,Suspicious
4053,47,52,80,56,4,2,3,4,1,3,49.64,Suspicious
4049,56,75,79,56,3,0,2,1,2,3,32.65,Suspicious
1920,36,22,14,33,4,4,7,3,2,5,77.25,Fake
888,34,27,28,32,9,7,7,4,3,8,91.36,Fake
246,93,93,81,99,0,0,1,1,0,1,5.62,Genuine
4192,45,42,51,53,4,2,3,2,2,3,51.03,Suspicious
4218,98,81,85,97,0,0,0,0,0,1,13.69,Genuine
1854,66,59,63,72,1,1,2,3,1,2,35.48,Suspicious
3480,98,98,100,89,1,1,1,0,1,0,6.25,Genuine
436,53,26,47,18,4,5,7,4,6,3,71.86,Fake
4655,61,79,65,53,1,2,0,4,3,2,33.34,Suspicious
4617,29,12,45,52,6,7,4,5,6,8,80.98,Fake
1283,71,63,63,78,2,3,2,3,2,2,37.39,Suspicious
420,85,98,96,94,0,0,0,1,1,1,17.14,Genuine
4802,67,55,80,56,1,0,1,1,1,2,24.9,Suspicious
2147,55,59,57,15,3,7,4,7,6,8,69.05,Fake
3335,49,44,75,46,3,1,2,3,3,1,38.82,Suspicious
861,86,89,88,95,0,1,1,0,0,1,15.86,Genuine
4257,62,46,48,75,4,1,0,4,2,2,39.87,Suspicious
4114,31,11,56,10,4,3,5,7,6,6,76.53,Fake
3252,40,48,53,11,4,3,6,5,3,8,75.94,Fake
3586,30,26,37,41,6,3,3,4,2,5,69.8,Fake
1258,98,95,98,100,1,1,0,1,0,0,13.37,Genuine
2022,96,81,85,94,0,1,1,0,0,1,10.31,Genuine
273,95,87,80,94,1,0,1,1,0,0,10.77,Genuine
725,90,96,98,97,1,1,0,1,1,1,17.47,Genuine
3496,69,53,68,75,4,0,1,3,1,3,33.23,Suspicious
111,97,93,90,95,1,1,0,1,0,1,22.04,Genuine
1111,73,67,63,67,3,1,3,1,2,1,33.47,Suspicious
4204,41,29,26,38,3,5,5,4,3,8,70.97,Fake
937,35,23,41,57,6,6,3,3,6,7,74.53,Fake
3420,100,95,86,91,1,1,0,1,0,1,16.51,Genuine
687,30,10,28,42,6,3,4,5,5,3,68.6,Fake
752,31,58,56,25,3,6,5,7,4,8,73.51,Fake
3542,98,91,87,85,0,1,0,0,0,0,8.34,Genuine
2675,88,97,94,88,1,1,1,0,0,1,10.74,Genuine
148,70,51,62,52,4,3,0,4,3,1,41.59,Suspicious
217,11,28,15,14,7,7,3,5,2,4,86.52,Fake
4035,94,87,87,90,1,1,0,1,1,1,8.62,Genuine
1366,12,21,39,18,7,6,7,7,2,4,86.04,Fake
3339,76,66,78,77,4,1,1,4,1,2,38.69,Suspicious
3467,74,53,48,80,3,0,0,3,3,2,30.04,Suspicious
4268,50,78,60,62,3,3,0,1,1,3,41.59,Suspicious
1855,54,25,34,43,9,3,2,5,6,8,81.36,Fake
2072,12,47,21,25,5,6,7,5,3,8,83.92,Fake
4535,64,63,72,49,4,3,2,3,1,1,40.64,Suspicious
2759,47,48,58,71,4,0,3,2,3,3,49.07,Suspicious
2570,99,82,94,92,0,0,1,1,0,0,13.11,Genuine
276,48,73,46,49,3,1,3,2,1,1,43.76,Suspicious
4552,42,14,57,15,6,3,4,6,3,4,70.12,Fake
2229,24,29,50,30,6,6,4,7,2,6,77.51,Fake
4096,78,45,63,56,1,0,0,4,3,3,37.02,Suspicious
3502,34,14,39,54,9,7,7,7,3,8,89.37,Fake
3234,51,74,59,60,1,0,0,2,3,3,33.26,Suspicious
1447,99,87,98,89,0,0,1,1,1,0,12.36,Genuine
852,30,27,41,56,4,4,4,6,7,3,70.46,Fake
2406,80,75,59,69,4,3,0,2,3,3,35.52,Suspicious
931,44,16,21,59,4,3,2,5,2,7,78.11,Fake
2531,63,70,80,59,3,0,3,4,1,1,38.37,Suspicious
3603,99,87,81,92,0,1,1,0,0,0,11.19,Genuine
185,41,12,24,36,6,4,7,3,5,8,77.53,Fake
475,86,99,96,93,1,0,0,1,0,0,6.12,Genuine
832,59,50,23,54,4,7,3,5,2,5,73.81,Fake
4672,80,73,52,54,4,1,3,3,3,2,37.11,Suspicious
4333,37,38,58,16,5,4,6,5,3,4,71.5,Fake
1037,58,40,61,69,3,3,0,1,1,3,40.04,Suspicious
2723,94,88,82,89,1,1,0,0,0,1,20.71,Genuine
2715,48,60,13,32,8,4,3,4,6,4,74.71,Fake
1208,45,27,11,20,6,5,7,7,2,8,87.15,Fake
2585,81,92,86,97,0,1,1,1,1,1,12.72,Genuine
2311,52,78,49,80,3,1,3,2,2,1,34.94,Suspicious
3749,31,51,55,18,6,4,6,4,7,7,74.89,Fake
4895,88,94,99,86,0,0,1,0,1,1,6.5,Genuine
4991,100,91,90,98,1,0,0,0,1,0,0.94,Genuine
4464,26,60,23,28,4,5,3,7,2,8,79.12,Fake
4233,44,14,48,20,6,6,4,5,6,6,81.97,Fake
1892,71,40,64,69,2,0,3,3,3,1,34.43,Suspicious
4971,52,22,46,34,9,4,2,7,7,9,84.3,Fake
3059,30,15,23,25,5,2,6,4,7,8,85.36,Fake
766,29,41,44,22,5,5,4,6,3,6,80.68,Fake
3097,83,92,87,86,1,0,0,1,1,1,10.79,Genuine
3306,25,24,14,12,9,6,3,7,3,3,88.19,Fake
2864,36,30,39,23,5,2,6,7,7,8,79.83,Fake
2211,87,81,87,100,0,1,0,0,0,0,7.39,Genuine
543,54,44,37,47,9,3,5,7,3,4,81.58,Fake
2461,54,58,26,45,8,4,4,5,2,6,76.04,Fake
1717,24,15,58,39,8,4,7,3,3,9,85.33,Fake
2743,57,39,11,27,5,6,2,4,6,7,82.82,Fake
2125,65,45,58,52,2,1,1,1,2,1,35.55,Suspicious
3179,23,59,34,35,8,2,2,5,5,3,65.41,Fake
379,59,60,19,37,6,5,3,7,6,9,77.19,Fake
2956,11,10,31,42,4,3,6,4,7,9,82.79,Fake
3777,87,85,84,89,1,0,1,1,1,1,12.12,Genuine
4713,47,54,75,55,2,2,2,3,2,2,40.74,Suspicious
1658,50,71,59,56,4,0,0,3,2,2,32.23,Suspicious
4118,55,35,55,49,3,2,7,6,6,8,70.37,Fake
3964,82,86,90,96,1,1,1,1,0,0,16.73,Genuine
2032,45,49,57,80,1,1,3,2,3,3,41.65,Suspicious
2754,18,44,29,58,7,4,3,5,3,4,75.09,Fake
2737,27,16,58,47,4,5,4,5,2,6,72.77,Fake
3761,45,42,68,71,4,2,0,4,2,1,40.45,Suspicious
3318,31,27,57,55,5,5,3,5,2,7,72.39,Fake
523,30,16,42,44,5,6,7,4,4,6,79.68,Fake
4361,62,77,80,72,4,1,1,1,3,1,28.39,Suspicious
3161,100,88,100,97,1,1,1,0,1,0,12.68,Genuine
971,64,72,48,55,1,1,2,1,1,1,40.78,Suspicious
1916,53,65,80,47,2,1,2,1,2,2,36.6,Suspicious
903,90,92,91,93,1,0,1,0,1,1,14.08,Genuine
2306,58,76,63,64,4,1,0,3,3,1,35.46,Suspicious
1577,79,42,73,48,3,3,0,1,2,2,34.73,Suspicious
4145,20,24,11,46,5,6,4,3,2,5,74.76,Fake
389,73,77,50,78,4,2,2,2,2,2,40.62,Suspicious
1141,13,49,29,50,8,2,6,4,3,9,78.1,Fake
4049,57,79,74,57,2,3,1,1,1,2,34.69,Suspicious
444,48,35,22,17,9,6,6,6,3,8,89.05,Fake
3198,93,100,95,89,0,1,1,1,1,1,12.45,Genuine
4000,100,97,86,87,0,0,1,0,0,1,10.47,Genuine
4374,47,45,70,55,4,0,3,2,2,3,47.84,Suspicious
1290,99,88,88,88,0,0,0,1,0,0,5.22,Genuine
2727,25,55,48,40,5,2,4,7,5,9,73.27,Fake
4881,24,13,43,37,4,3,2,4,4,9,80.39,Fake
1642,80,53,55,51,4,1,3,2,3,2,37.66,Suspicious
1004,82,94,89,89,1,0,1,0,1,1,15.86,Genuine
2513,75,74,45,52,4,2,1,1,3,1,45.02,Suspicious
1986,87,81,83,85,0,0,1,0,0,0,12.27,Genuine
2690,94,86,98,98,0,0,0,0,1,0,5.83,Genuine
2246,67,57,55,64,2,0,3,3,3,2,35.2,Suspicious
4350,91,96,85,85,1,1,1,1,0,0,7.43,Genuine
2277,100,99,85,85,0,0,1,0,0,1,9.11,Genuine
3083,100,87,84,95,1,1,1,1,1,0,7.7,Genuine
2449,90,84,83,97,1,0,1,1,1,0,11.69,Genuine
1663,69,44,78,49,3,3,0,2,1,2,37.55,Suspicious
1641,27,44,53,25,4,2,7,5,5,9,77.88,Fake
2649,53,60,64,61,2,3,2,1,2,3,42.52,Suspicious
3706,20,42,34,26,9,4,6,7,5,7,92.85,Fake
814,88,99,95,86,1,1,1,0,0,0,8.11,Genuine
4154,61,80,65,57,2,1,2,2,1,1,28.71,Suspicious
3475,66,49,74,77,3,1,0,2,3,1,30.63,Suspicious
1752,84,95,88,99,1,1,1,1,0,0,12.52,Genuine
4812,18,29,32,56,5,6,6,6,6,8,84.93,Fake
3652,64,53,77,49,1,1,1,4,1,3,39.94,Suspicious
3941,14,26,18,35,8,6,3,7,6,9,92.2,Fake
2836,83,100,100,92,1,0,0,0,0,0,3.07,Genuine
737,45,36,47,16,7,4,6,4,2,5,80.99,Fake
1444,48,55,53,37,4,4,6,6,5,4,68.86,Fake
1996,77,60,61,79,2,1,3,3,3,2,35.64,Suspicious
127,93,96,87,85,0,0,0,0,1,1,8.56,Genuine
2170,59,61,58,70,4,2,1,4,2,1,39.44,Suspicious
2602,10,60,49,24,7,2,6,3,3,6,82.75,Fake
4885,84,92,95,85,0,0,1,0,0,1,10.1,Genuine
3194,41,51,27,24,4,2,6,4,5,8,74.75,Fake
2075,25,26,38,27,4,4,4,4,3,3,70.77,Fake
4001,98,95,98,87,0,1,0,1,1,0,8.95,Genuine
1061,82,87,97,95,0,0,0,0,0,0,13.83,Genuine
4023,62,76,68,73,3,1,1,4,1,3,39.76,Suspicious
1669,23,33,44,28,7,2,4,3,7,4,72.3,Fake
4428,50,26,41,14,8,2,4,4,6,3,74.58,Fake
2438,46,71,45,62,3,3,3,1,3,3,49.63,Suspicious
2134,30,36,27,51,8,7,4,7,6,3,73.94,Fake
445,95,87,99,92,0,1,0,0,1,0,9.48,Genuine
4939,47,48,35,55,4,3,3,4,5,3,55.59,Fake
658,87,92,89,86,1,0,1,0,1,0,11.3,Genuine
1303,59,42,53,52,3,2,0,2,1,1,39.44,Suspicious
2999,81,90,100,100,1,0,1,1,0,1,11.71,Genuine
1907,30,39,56,60,3,6,6,5,4,5,68.05,Fake
4952,62,51,67,56,1,0,0,3,2,3,37.22,Suspicious
4045,43,22,53,34,9,5,5,6,6,4,82.28,Fake
252,61,51,80,68,2,1,3,2,1,3,37.26,Suspicious
2698,79,79,66,52,3,0,2,3,2,1,30.54,Suspicious
337,59,44,59,45,3,3,3,4,2,3,54.2,Suspicious
3742,77,47,52,78,4,2,0,2,2,1,43.21,Suspicious
1965,37,40,41,43,9,3,7,7,6,8,86.72,Fake
3875,63,43,45,59,2,3,3,3,3,2,44.28,Suspicious
3256,94,92,83,88,0,0,1,1,1,1,16.71,Genuine
3372,65,59,66,80,4,0,3,1,3,2,38.45,Suspicious
4038,90,99,100,96,1,0,1,1,0,0,6.99,Genuine
911,74,71,80,63,2,0,0,3,2,3,32.07,Suspicious
558,81,97,86,97,0,0,1,0,0,1,14.27,Genuine
2305,77,47,76,48,1,1,2,2,3,1,28.07,Suspicious
2725,77,74,78,77,2,0,2,2,3,2,29.35,Suspicious
1873,28,16,40,27,8,5,6,6,4,6,86.58,Fake
1879,90,82,81,92,1,1,1,1,0,0,10.75,Genuine
2359,61,76,59,53,4,2,2,3,1,2,43.91,Suspicious
130,46,19,30,30,9,6,5,4,4,3,79.86,Fake
2087,56,54,63,72,4,0,0,1,2,3,45.03,Suspicious
4475,55,62,66,62,3,0,1,4,2,1,34.49,Suspicious
3746,58,48,55,47,4,3,2,3,2,3,56.7,Suspicious
4330,26,47,26,46,9,2,6,3,6,7,82.76,Fake
787,25,59,12,29,4,3,7,4,7,5,72.69,Fake
187,57,32,23,19,4,3,7,7,4,6,72.26,Fake
3616,60,65,50,46,1,0,0,4,1,3,38.11,Suspicious
3890,86,99,86,86,1,1,0,1,1,0,14.95,Genuine
751,85,85,86,93,1,1,1,0,1,1,14.02,Genuine
4753,76,60,70,59,1,1,0,4,1,1,29.62,Suspicious
4457,37,14,14,60,7,5,3,6,7,3,76.65,Fake
3708,44,39,54,55,7,2,2,6,2,3,61.43,Fake
1733,36,41,20,44,4,7,2,4,3,9,72.7,Fake
1042,17,23,27,53,5,7,5,7,2,7,81.27,Fake
4253,98,85,81,93,1,1,0,1,1,0,16.04,Genuine
1825,76,60,57,78,1,1,2,3,3,3,35.0,Suspicious
591,98,88,89,87,1,1,1,1,1,0,9.45,Genuine
142,64,71,73,62,3,0,3,1,2,3,38.29,Suspicious
2521,86,95,89,92,1,0,1,0,0,1,15.58,Genuine
3017,85,88,99,93,0,0,1,0,0,1,15.78,Genuine
4318,16,24,26,55,8,2,3,6,4,5,79.34,Fake
4742,61,55,50,60,1,0,3,4,2,2,40.64,Suspicious
3499,95,83,84,100,0,1,1,1,1,1,14.26,Genuine
445,10,30,13,12,3,7,3,5,5,9,84.89,Fake
175,93,86,81,98,1,1,1,1,0,0,7.88,Genuine
172,99,96,90,100,0,1,1,1,1,1,13.22,Genuine
1404,90,85,85,89,0,0,0,0,0,1,13.69,Genuine
2034,81,93,94,96,0,1,0,1,0,1,11.62,Genuine
3695,45,80,55,75,1,1,0,1,2,2,37.42,Suspicious
3910,92,98,91,100,0,1,0,0,0,0,9.2,Genuine
1852,58,46,35,44,4,4,7,7,7,9,69.54,Fake
1111,58,46,64,76,2,1,0,3,2,1,32.68,Suspicious
697,88,94,92,85,0,0,0,1,0,1,12.31,Genuine
4230,60,59,37,16,3,7,3,7,5,9,69.87,Fake
166,96,82,98,93,0,0,0,1,0,0,10.02,Genuine
881,44,57,14,57,5,5,7,5,5,8,75.96,Fake
2699,95,84,91,96,0,1,1,1,0,1,13.99,Genuine
3752,69,45,70,52,3,2,0,2,2,1,35.6,Suspicious
2121,59,74,68,58,1,0,1,2,2,2,33.49,Suspicious
1693,35,19,16,18,9,4,2,5,2,7,86.34,Fake
4393,69,60,77,78,2,2,1,3,3,3,32.54,Suspicious
4227,89,86,81,93,1,1,1,1,1,0,19.92,Genuine
1355,10,25,52,42,8,5,3,5,3,4,77.0,Fake
4104,72,41,74,49,2,0,1,4,1,2,37.66,Suspicious
2292,92,99,95,98,0,1,1,0,1,1,13.44,Genuine
1156,45,30,57,48,5,6,7,3,4,6,72.11,Fake
2684,57,31,12,15,6,4,5,5,2,5,77.97,Fake
1754,60,57,72,62,2,3,3,1,1,1,41.83,Suspicious
336,21,45,18,35,8,6,6,7,2,6,90.96,Fake
1121,54,11,24,53,4,5,7,4,4,5,75.19,Fake
3760,21,60,26,35,5,2,7,5,7,6,77.39,Fake
662,46,49,78,60,4,2,0,3,2,3,42.22,Suspicious
1292,17,59,40,54,3,4,5,7,2,4,61.97,Fake
4053,16,51,44,11,6,3,5,6,5,3,72.53,Fake
2069,91,92,98,90,0,0,1,1,1,0,12.83,Genuine
3450,84,83,94,89,0,0,1,0,1,1,13.61,Genuine
2838,84,93,98,88,1,1,1,0,1,0,18.79,Genuine
4100,59,68,78,76,1,1,2,4,2,2,30.89,Suspicious
890,73,78,76,73,4,1,1,2,2,1,33.37,Suspicious
1300,46,71,64,63,2,2,3,3,2,3,46.44,Suspicious
1227,97,81,91,97,0,0,0,1,1,0,9.72,Genuine
888,71,44,57,58,2,2,3,2,1,1,34.8,Suspicious
4415,10,60,43,47,5,2,6,6,2,5,71.69,Fake
4973,11,21,36,14,7,4,2,6,4,7,90.1,Fake
1228,75,49,78,50,4,3,2,1,1,2,43.74,Suspicious
4782,54,71,78,53,1,2,3,2,2,1,34.63,Suspicious
4400,85,84,91,100,1,1,0,1,1,1,11.17,Genuine
2843,91,91,86,90,0,1,0,1,1,0,10.05,Genuine
2976,50,33,17,15,3,3,7,6,4,9,84.15,Fake
698,90,85,89,96,1,1,0,1,1,0,10.68,Genuine
1934,15,16,29,26,6,5,6,4,6,3,78.25,Fake
2082,88,86,82,88,1,0,0,1,0,1,18.96,Genuine
2421,93,88,85,88,0,1,0,1,0,0,10.74,Genuine
781,28,14,21,38,7,3,3,3,7,4,70.53,Fake
2635,74,55,51,60,3,1,3,4,2,3,48.36,Suspicious
4886,57,33,38,12,7,5,3,4,5,8,80.27,Fake
1592,26,10,31,24,6,3,3,4,2,7,80.31,Fake
2705,45,42,70,59,2,3,2,4,3,1,41.73,Suspicious
2334,55,77,60,63,3,0,2,2,1,3,35.01,Suspicious
1841,27,44,15,52,9,7,3,5,3,9,88.09,Fake
3627,21,56,22,59,9,2,4,5,4,9,84.73,Fake
1445,48,73,64,68,1,2,3,2,1,1,34.15,Suspicious
908,69,48,70,60,1,3,3,2,1,3,42.19,Suspicious
4335,43,37,22,24,6,5,3,6,3,3,71.69,Fake
2126,89,85,80,91,1,0,1,1,0,1,18.41,Genuine
2086,76,71,47,64,1,0,2,3,3,3,37.61,Suspicious
2419,91,87,88,96,1,0,1,1,0,1,20.09,Genuine
1454,26,38,26,42,8,6,4,4,6,4,83.69,Fake
1694,65,63,74,60,1,0,1,1,2,3,29.51,Suspicious
2734,97,94,99,96,1,0,1,0,0,1,10.27,Genuine
279,91,95,95,98,0,1,1,1,0,1,11.21,Genuine
3807,81,89,84,93,0,0,0,0,0,0,8.88,Genuine
750,49,43,52,10,4,3,3,3,4,7,74.31,Fake
3883,43,33,46,35,9,7,3,7,7,5,88.34,Fake
3674,96,81,100,92,1,0,1,0,0,0,13.61,Genuine
3391,87,88,90,98,1,1,1,0,0,0,11.66,Genuine
1108,55,28,19,60,7,7,2,3,7,8,73.88,Fake
1206,92,95,84,87,0,0,0,1,0,0,13.15,Genuine
3204,65,78,64,52,2,0,0,1,1,1,24.52,Suspicious
1174,19,12,22,36,4,4,6,6,2,9,79.85,Fake
2565,81,82,84,100,1,0,0,1,1,1,17.43,Genuine
324,18,28,56,23,8,6,6,6,2,8,88.93,Fake
4862,87,98,84,89,0,1,0,0,1,0,14.11,Genuine
2280,78,65,67,53,1,0,3,1,2,3,32.61,Suspicious
1908,73,60,70,58,1,2,2,4,2,3,32.72,Suspicious
3874,56,43,26,35,7,4,7,5,4,5,78.63,Fake
341,32,32,26,22,4,4,3,7,7,6,79.34,Fake
3890,59,66,51,71,1,0,2,1,3,3,39.45,Suspicious
2054,40,33,16,35,7,7,6,6,6,7,86.54,Fake
1772,51,78,71,61,2,3,2,2,1,2,34.88,Suspicious
2884,88,99,85,99,0,0,1,0,0,0,4.11,Genuine
4379,88,83,91,93,0,1,1,1,1,1,13.13,Genuine
2413,49,73,66,64,3,2,1,1,2,2,33.9,Suspicious
3003,36,47,34,46,5,2,5,6,5,8,74.18,Fake
1639,100,81,93,88,1,0,1,1,1,0,7.28,Genuine
721,22,38,12,38,5,6,7,5,5,6,84.07,Fake
1896,63,65,70,61,3,2,3,4,3,3,41.69,Suspicious
2420,49,46,19,11,6,7,2,4,5,4,76.55,Fake
233,85,82,94,87,0,0,0,0,0,0,5.88,Genuine
952,76,49,59,51,1,2,2,3,3,2,38.37,Suspicious
3356,82,84,81,96,0,0,0,1,1,1,11.57,Genuine
2113,75,64,68,45,2,1,2,1,3,1,35.45,Suspicious
3338,54,50,55,56,4,3,0,4,2,3,45.5,Suspicious
363,61,72,68,59,1,3,0,1,3,3,33.84,Suspicious
652,52,20,29,28,3,3,2,3,6,4,64.23,Fake
4799,46,50,48,66,1,0,1,4,2,1,33.63,Suspicious
3896,46,41,69,67,1,0,0,1,3,3,35.74,Suspicious
380,82,92,86,89,1,0,0,0,0,1,20.87,Genuine
562,56,44,59,52,4,2,2,1,1,2,43.72,Suspicious
648,21,18,59,54,5,4,5,7,4,5,76.51,Fake
1507,93,81,97,99,0,0,1,1,0,1,15.53,Genuine
3477,46,41,30,48,3,6,3,3,2,6,71.85,Fake
4007,99,91,84,91,0,0,1,1,1,0,11.58,Genuine
2484,62,78,77,72,4,0,1,3,3,3,36.67,Suspicious
1367,53,69,55,79,1,0,1,1,1,1,25.24,Suspicious
3239,28,25,30,60,3,3,3,5,5,9,73.22,Fake
1956,61,76,59,62,4,1,1,1,1,2,34.82,Suspicious
3116,84,98,83,100,1,1,1,0,1,1,14.95,Genuine
1106,15,44,10,44,5,7,5,7,4,4,77.56,Fake
3602,46,74,77,61,2,2,1,1,1,2,32.34,Suspicious
2865,46,75,59,66,4,0,1,4,3,2,41.07,Suspicious
698,54,75,75,60,3,0,3,2,3,2,34.27,Suspicious
2871,54,28,37,47,7,5,5,3,7,7,82.13,Fake
1215,58,29,50,17,6,7,3,6,3,9,87.06,Fake
530,80,92,97,92,0,1,0,1,0,1,14.71,Genuine
3824,52,59,73,54,3,1,0,2,1,1,31.77,Suspicious
891,79,66,66,55,2,3,0,4,3,3,42.48,Suspicious
2678,45,44,58,69,4,0,1,3,1,2,46.87,Suspicious
643,43,40,32,16,8,2,5,7,5,5,83.13,Fake
553,99,94,87,98,0,0,1,0,0,1,15.35,Genuine
4577,92,89,91,89,0,0,1,0,1,1,16.13,Genuine
2506,66,43,47,54,1,2,1,4,3,1,45.95,Suspicious
3701,93,82,85,91,0,0,1,1,0,0,11.29,Genuine
2312,84,97,92,90,0,0,1,0,1,1,7.54,Genuine
3588,51,50,43,14,4,2,5,7,7,5,71.59,Fake
2307,92,89,99,93,1,1,1,0,1,0,8.09,Genuine
423,73,74,71,71,2,2,3,3,3,1,30.47,Suspicious
3433,14,20,51,44,5,2,5,5,6,9,78.31,Fake
1783,94,89,81,97,0,0,0,1,0,0,15.2,Genuine
4884,86,99,94,95,1,0,0,0,1,0,7.87,Genuine
4138,81,91,88,96,1,0,1,0,0,0,8.88,Genuine
4370,82,92,88,97,0,1,1,1,0,0,13.46,Genuine
614,45,19,49,10,8,2,5,6,2,7,84.81,Fake
3396,63,79,51,49,3,1,3,4,1,3,47.39,Suspicious
2774,59,51,66,79,2,3,0,1,3,1,34.09,Suspicious
4936,36,38,22,29,6,4,6,3,5,7,79.9,Fake
3167,21,33,21,24,8,3,7,6,4,9,89.52,Fake
1143,76,52,78,63,2,0,2,4,2,2,32.58,Suspicious
2343,82,84,82,95,1,1,1,1,0,0,15.82,Genuine
680,57,52,66,72,4,2,0,1,2,3,40.09,Suspicious
264,98,90,99,94,0,1,0,1,0,1,12.58,Genuine
2690,95,92,82,99,1,0,0,1,1,1,9.28,Genuine
3312,86,99,90,91,0,0,1,1,0,0,8.23,Genuine
187,100,98,94,99,0,1,1,1,1,0,10.51,Genuine
2268,69,43,70,60,2,0,1,3,3,2,36.02,Suspicious
3989,41,49,38,15,4,4,4,6,6,3,65.2,Fake
3060,43,55,37,41,9,2,6,4,2,3,73.12,Fake
2630,59,18,54,37,7,6,4,4,3,8,75.69,Fake
422,35,31,15,22,4,7,4,4,6,7,78.74,Fake
611,47,58,54,71,3,2,2,2,3,1,33.71,Suspicious
3436,91,99,91,100,0,0,1,0,0,0,6.41,Genuine
3108,78,71,66,48,1,1,0,1,3,2,26.78,Suspicious
319,70,44,48,72,3,0,0,3,3,1,34.87,Suspicious
2289,87,84,90,98,0,1,0,1,1,0,17.13,Genuine
3082,30,40,28,40,7,3,4,6,3,4,79.04,Fake
3509,59,30,47,35,3,3,7,4,5,4,64.73,Fake
4909,57,58,68,79,2,3,1,2,2,2,35.46,Suspicious
282,51,42,68,68,1,2,1,1,1,1,34.46,Suspicious
4064,25,31,55,20,7,3,2,4,3,7,75.75,Fake
1240,93,93,89,96,1,0,1,1,0,0,11.55,Genuine
1638,60,45,22,56,3,4,3,4,3,8,64.33,Fake
2912,16,32,20,42,8,6,6,3,4,3,81.8,Fake
3077,62,72,58,45,1,3,2,1,1,2,32.47,Suspicious
2570,100,98,84,92,1,1,1,0,0,1,14.1,Genuine
1498,84,89,97,89,1,1,0,1,0,1,13.82,Genuine
2008,99,93,89,90,1,0,1,1,0,0,13.96,Genuine
3574,21,34,11,49,4,4,6,4,6,3,70.49,Fake
546,37,42,52,32,3,4,3,4,6,8,68.14,Fake
4118,52,61,66,70,2,0,0,3,3,3,33.92,Suspicious
2710,86,96,82,95,0,1,0,1,0,0,10.34,Genuine
3822,47,19,50,59,8,2,3,5,3,5,72.0,Fake
3051,65,73,71,53,2,2,0,1,3,1,26.76,Suspicious
4570,50,57,49,69,2,1,3,2,2,3,42.89,Suspicious
4864,52,41,50,27,6,6,3,5,3,6,78.29,Fake
3244,100,99,97,95,1,0,0,0,1,1,5.47,Genuine
1187,98,87,87,99,0,0,1,0,1,0,4.49,Genuine
1767,12,44,18,13,8,4,5,5,5,7,90.85,Fake
1140,50,14,60,36,6,4,5,6,6,3,68.11,Fake
758,81,87,81,100,0,1,0,1,0,0,14.4,Genuine
3106,90,82,94,85,0,0,0,1,0,0,8.79,Genuine
4255,86,80,89,89,0,1,1,1,1,0,13.3,Genuine
4964,32,15,44,24,6,7,5,5,3,8,85.25,Fake
1604,92,83,97,90,0,0,0,1,0,0,12.33,Genuine
1315,86,97,99,90,1,0,1,0,1,1,15.37,Genuine
4974,58,58,58,61,4,2,0,2,1,3,43.86,Suspicious
4412,94,85,82,90,0,1,1,0,1,0,8.5,Genuine
4345,27,19,41,27,6,4,2,4,2,7,74.56,Fake
186,61,73,53,70,2,0,0,1,1,1,30.23,Suspicious
3282,62,43,52,74,4,3,3,1,1,2,48.9,Suspicious
1003,54,56,79,79,3,2,3,1,1,2,37.76,Suspicious
2994,65,75,75,51,4,3,1,2,1,1,46.2,Suspicious
821,59,54,17,13,9,5,7,6,5,7,84.93,Fake
1132,24,35,42,39,9,2,4,4,5,9,82.06,Fake
564,20,40,30,60,8,2,2,7,6,6,81.79,Fake
2791,85,98,92,89,1,1,1,0,1,1,21.93,Genuine
2706,75,76,67,71,2,1,1,1,1,1,20.38,Suspicious
4021,91,93,97,98,1,0,0,0,0,0,9.71,Genuine
540,79,64,59,52,2,0,0,4,3,3,33.45,Suspicious
3246,88,88,100,89,1,0,1,0,1,1,18.63,Genuine
2621,17,39,45,59,8,6,4,7,3,6,83.85,Fake
1898,93,93,92,88,0,0,0,0,1,1,16.34,Genuine
1374,53,45,50,66,1,2,0,2,3,3,35.06,Suspicious
2576,62,77,56,66,3,2,2,3,2,3,44.05,Suspicious
2494,88,96,81,89,0,1,0,1,1,1,12.32,Genuine
3438,41,58,13,53,7,5,6,3,2,9,76.18,Fake
4037,65,43,79,59,1,0,1,2,3,2,34.58,Suspicious
275,59,54,76,58,2,0,2,4,1,2,35.36,Suspicious
546,55,55,70,45,1,2,0,3,1,1,30.64,Suspicious
3158,11,24,50,58,4,7,3,7,7,6,78.98,Fake
374,59,51,77,58,1,0,3,4,3,2,36.71,Suspicious
1786,87,88,100,87,0,0,1,0,1,1,13.87,Genuine
3424,80,80,88,98,1,0,0,0,0,0,12.05,Genuine
3754,28,20,29,45,4,7,3,3,3,3,62.75,Fake
4317,94,91,98,99,1,0,1,1,0,0,11.21,Genuine
147,80,69,67,63,4,2,2,3,1,1,38.92,Suspicious
3169,18,60,41,26,4,4,4,5,6,4,70.79,Fake
3748,18,60,38,23,3,7,4,3,7,7,79.33,Fake
4258,61,53,69,71,4,3,0,1,2,3,45.28,Suspicious
1065,60,52,45,56,4,5,4,3,2,8,62.7,Fake
2624,40,20,45,53,6,5,7,5,5,6,79.87,Fake
2741,89,95,83,87,0,1,1,0,1,1,21.33,Genuine
4553,79,63,77,65,1,1,2,3,2,2,26.89,Suspicious
3956,98,81,94,88,1,0,0,1,1,1,17.04,Genuine
3779,91,83,92,91,0,0,0,1,0,1,10.27,Genuine
2255,91,94,84,99,1,1,1,1,1,0,15.09,Genuine
3358,28,13,48,58,5,7,6,6,7,3,73.41,Fake
517,100,84,85,94,0,0,1,1,1,0,8.43,Genuine
3229,28,28,45,56,5,2,3,7,5,6,71.59,Fake
3167,82,100,92,99,0,0,0,0,0,0,5.18,Genuine
1039,44,53,24,49,6,6,6,5,2,7,80.86,Fake
478,99,80,95,97,1,1,0,1,0,1,17.95,Genuine
1926,43,46,33,30,4,4,5,6,4,9,74.88,Fake
1594,71,66,53,61,2,0,2,2,1,1,30.19,Suspicious
4433,51,58,38,59,6,2,4,7,6,3,60.8,Fake
961,84,86,81,85,0,0,0,0,0,0,12.39,Genuine
774,89,82,97,93,1,0,1,1,0,0,16.22,Genuine
4364,94,99,89,98,1,1,1,1,0,1,10.57,Genuine
1311,56,56,33,46,9,3,4,6,3,7,84.87,Fake
3328,85,88,99,94,1,1,0,0,0,0,8.81,Genuine
829,50,42,69,60,3,3,3,4,3,2,45.38,Suspicious
2872,76,70,60,76,4,3,1,3,2,3,37.95,Suspicious
230,43,42,22,34,4,7,6,6,2,8,75.65,Fake
2759,66,46,53,45,1,2,3,4,2,3,48.58,Suspicious
281,81,97,86,96,1,1,0,1,1,1,10.14,Genuine
1464,82,85,98,100,0,0,0,0,1,1,12.74,Genuine
934,31,36,12,42,4,4,7,4,5,3,63.26,Fake
2148,59,58,29,22,3,7,5,3,2,9,72.6,Fake
4447,36,52,59,11,5,4,2,6,7,8,67.71,Fake
1265,10,24,46,48,3,5,7,7,6,9,79.72,Fake
1708,82,86,86,88,0,0,0,0,1,1,11.3,Genuine
2912,48,33,42,27,6,2,5,6,3,5,72.34,Fake
2411,59,72,70,60,4,0,3,1,1,1,31.85,Suspicious
4852,89,98,81,100,1,1,1,0,1,1,17.09,Genuine
4535,65,57,74,57,4,1,1,3,3,3,42.32,Suspicious
3325,73,58,62,67,1,2,3,3,3,2,37.46,Suspicious
1832,85,100,86,94,0,1,1,1,1,1,9.51,Genuine
2420,80,50,62,60,1,3,1,4,3,3,40.17,Suspicious
2110,67,74,45,73,1,0,1,4,3,2,35.69,Suspicious
4611,87,95,84,86,1,1,1,0,0,1,22.97,Genuine
4528,91,83,83,97,0,1,1,0,1,0,6.13,Genuine
3596,82,86,80,95,1,0,1,1,1,1,22.15,Genuine
4176,80,74,63,63,1,1,2,2,3,3,36.63,Suspicious
2325,41,27,27,31,3,2,2,4,6,3,57.36,Fake
3168,13,16,30,16,6,5,3,5,4,3,76.05,Fake
2748,45,66,57,61,4,3,3,3,1,2,50.24,Suspicious
2792,49,44,69,68,1,0,2,2,2,1,32.84,Suspicious
1110,65,76,53,80,4,1,2,2,3,2,40.19,Suspicious
1819,60,54,45,66,3,1,1,2,2,3,43.18,Suspicious
3696,62,55,75,69,2,1,0,2,3,3,38.05,Suspicious
2579,23,51,30,43,7,4,4,6,7,4,76.83,Fake
4072,64,79,56,72,4,0,1,3,3,2,40.7,Suspicious
4747,72,57,79,48,3,1,0,4,3,3,36.09,Suspicious
1869,72,62,62,64,1,1,2,1,2,3,37.52,Suspicious
269,71,46,46,77,1,0,3,1,1,3,40.87,Suspicious
4785,65,65,51,74,2,3,1,2,2,1,34.81,Suspicious
3473,36,43,60,10,3,6,2,5,5,6,68.3,Fake
2955,42,19,28,20,5,4,7,3,2,3,83.45,Fake
1906,69,76,64,51,1,1,0,4,2,1,34.09,Suspicious
4142,52,46,15,55,6,6,2,3,2,5,74.35,Fake
2487,44,33,60,11,3,7,5,7,2,5,75.23,Fake
2186,91,97,98,95,0,1,0,0,1,0,4.16,Genuine
2522,81,97,82,93,0,1,0,0,1,0,15.0,Genuine
3740,53,76,71,47,1,0,3,4,3,3,33.08,Suspicious
3191,11,60,10,39,4,4,5,7,2,5,78.99,Fake
3425,91,82,94,89,0,1,1,0,0,1,11.47,Genuine
295,59,62,67,75,1,2,3,4,2,3,48.67,Suspicious
994,19,22,51,48,4,6,4,6,5,6,83.12,Fake
169,34,33,19,11,8,4,4,7,4,4,80.69,Fake
751,12,39,26,54,3,7,2,4,4,7,74.17,Fake
1935,54,39,42,11,3,6,2,6,7,7,79.3,Fake
2792,50,53,79,45,3,0,0,1,2,2,29.73,Suspicious
2669,35,22,55,26,6,7,5,3,3,5,78.2,Fake
3559,67,69,67,66,4,2,3,3,2,3,45.57,Suspicious
2297,77,48,47,67,1,1,0,4,2,2,28.21,Suspicious
4080,18,43,21,44,5,2,7,6,6,5,75.83,Fake
3185,69,61,54,77,1,3,3,4,2,2,43.59,Suspicious
1457,28,13,38,26,8,3,3,6,6,5,88.84,Fake
1062,99,81,88,90,0,1,0,1,1,1,16.21,Genuine
3476,89,83,97,85,0,0,1,0,1,1,10.09,Genuine
3316,28,37,26,37,5,6,5,7,6,5,73.89,Fake
263,47,32,11,24,6,5,4,4,7,5,86.41,Fake
3065,52,23,16,55,7,3,2,4,2,5,65.39,Fake
2485,64,57,71,49,3,1,1,3,1,2,40.16,Suspicious
2317,96,95,100,92,1,1,0,0,1,1,11.42,Genuine
4502,34,18,32,48,4,3,5,5,4,7,79.22,Fake
3154,58,23,50,38,5,5,4,3,6,5,73.3,Fake
3788,83,84,82,87,0,1,0,1,0,0,12.79,Genuine
2778,59,73,80,45,3,0,1,1,2,3,35.56,Suspicious
4125,52,22,37,18,6,4,4,6,7,5,75.26,Fake
2100,55,22,34,40,8,6,4,7,4,7,85.27,Fake
3929,58,64,68,77,4,2,3,3,2,3,45.45,Suspicious
2666,95,97,92,96,1,1,1,1,1,0,10.48,Genuine
3055,80,59,70,70,2,3,0,1,1,1,33.93,Suspicious
2891,79,57,60,65,3,1,0,1,2,3,41.89,Suspicious
615,85,95,100,96,0,0,1,0,0,0,10.01,Genuine
184,32,50,43,26,3,3,7,7,7,7,74.99,Fake
1822,61,57,80,67,4,1,2,1,1,1,33.03,Suspicious
4254,72,71,51,73,4,0,0,3,3,3,35.78,Suspicious
3193,54,41,77,69,2,0,3,2,1,1,38.34,Suspicious
2380,98,97,84,100,0,0,0,1,0,0,7.93,Genuine
4003,33,42,27,30,9,3,6,3,7,5,81.61,Fake
907,76,57,79,68,3,3,3,1,1,2,47.91,Suspicious
3722,37,49,36,23,4,2,3,3,2,7,72.43,Fake
101,85,88,100,97,0,0,0,1,1,1,8.47,Genuine
2588,57,43,78,78,4,2,1,3,3,1,34.09,Suspicious
1603,75,47,46,66,4,0,2,4,1,2,44.49,Suspicious
1475,71,68,69,62,2,1,3,2,2,1,34.1,Suspicious
1565,66,51,61,61,4,0,0,4,1,3,41.05,Suspicious
2800,81,91,88,91,0,1,0,0,1,0,8.0,Genuine
3680,84,88,86,93,1,0,1,1,1,0,8.96,Genuine
4934,75,67,71,80,1,0,1,2,2,2,26.95,Suspicious
2885,54,51,34,42,3,7,5,4,7,8,69.02,Fake
4113,99,87,85,95,0,0,1,1,0,0,6.15,Genuine
3538,79,77,70,55,3,3,1,2,2,2,43.34,Suspicious
4613,81,91,99,88,0,0,0,1,1,0,8.59,Genuine
3885,92,86,98,85,0,1,0,1,0,1,15.23,Genuine
3939,54,52,61,46,1,3,1,3,2,1,42.91,Suspicious
2153,26,57,12,19,7,3,4,4,5,3,67.43,Fake
2854,70,73,63,68,3,3,1,4,3,1,34.37,Suspicious
3533,88,83,86,88,0,1,1,0,1,1,15.09,Genuine
2462,99,89,92,98,0,0,1,1,1,1,15.7,Genuine
4328,45,11,20,48,4,3,3,7,5,6,76.64,Fake
2369,72,79,71,53,1,3,1,4,1,3,40.78,Suspicious
3226,96,80,93,90,0,1,1,0,0,0,7.29,Genuine
2310,25,50,22,32,6,4,7,3,6,3,78.67,Fake
4700,74,67,74,52,3,2,2,1,2,2,37.99,Suspicious
3163,75,53,77,53,1,2,2,4,1,2,38.82,Suspicious
1393,26,28,45,57,9,2,2,4,2,6,77.56,Fake
376,93,90,100,93,1,0,0,0,0,0,9.62,Genuine
3784,72,77,58,61,3,1,2,2,3,3,48.61,Suspicious
3986,86,99,99,89,1,1,0,1,1,0,10.34,Genuine
672,47,23,14,39,6,4,6,4,3,6,81.97,Fake
2676,73,53,80,80,1,2,3,2,1,2,30.55,Suspicious
2172,49,14,37,37,3,7,5,4,6,4,74.05,Fake
3802,86,91,89,97,0,1,0,1,0,1,11.01,Genuine
1347,86,92,88,91,1,0,1,0,0,0,18.81,Genuine
730,53,55,72,80,3,0,3,4,2,3,45.6,Suspicious
3742,22,21,27,38,4,7,3,4,4,7,78.27,Fake
1583,73,41,58,56,4,3,3,3,2,1,44.2,Suspicious
2381,48,28,47,32,8,5,7,4,4,4,80.21,Fake
1648,100,99,85,90,1,1,0,1,0,0,13.13,Genuine
1890,94,81,85,93,0,1,1,1,1,0,9.98,Genuine
3493,54,11,22,49,4,5,7,5,7,3,71.31,Fake
4306,49,52,24,57,3,2,5,4,5,8,73.39,Fake
4232,52,11,34,50,5,7,2,6,4,4,69.22,Fake
1409,64,48,60,79,1,0,1,4,2,2,33.54,Suspicious
3352,64,66,64,63,4,2,2,2,2,1,41.0,Suspicious
4799,73,57,60,45,4,1,3,3,3,1,43.31,Suspicious
864,50,23,46,11,9,4,2,6,4,6,85.37,Fake
2692,99,86,89,92,0,0,0,1,0,1,6.54,Genuine
1132,69,43,80,60,3,3,2,1,3,1,32.82,Suspicious
4827,39,47,35,17,3,7,7,7,5,5,77.8,Fake
278,74,48,54,50,1,2,0,4,3,2,41.01,Suspicious
3899,90,89,84,93,1,0,0,1,0,0,16.42,Genuine
4261,89,80,95,97,0,0,1,0,0,1,9.98,Genuine
1492,64,54,51,47,3,2,0,1,2,3,46.67,Suspicious
3928,67,64,73,57,3,3,1,4,1,3,41.1,Suspicious
1829,35,20,29,10,6,6,3,6,4,6,84.85,Fake
1274,91,84,93,93,1,1,0,1,1,0,9.65,Genuine
4310,54,76,54,55,3,1,2,2,1,2,35.98,Suspicious
1904,95,90,96,97,0,0,0,0,1,1,11.26,Genuine
2591,83,84,83,88,0,0,1,0,1,0,15.57,Genuine
3182,85,80,88,91,1,1,1,0,1,0,12.58,Genuine
2869,95,95,88,88,1,1,1,1,1,1,21.91,Genuine
3130,82,91,91,91,1,1,0,0,1,0,10.22,Genuine
1212,70,62,45,65,1,2,0,2,2,2,40.45,Suspicious
2851,30,30,53,41,9,6,2,7,3,7,85.49,Fake
3080,78,79,49,48,1,1,2,2,3,2,37.87,Suspicious
2918,97,94,96,88,0,1,1,0,1,1,8.81,Genuine
2595,11,29,21,38,8,7,7,6,4,5,89.71,Fake
3063,97,85,91,92,1,0,1,0,0,1,15.63,Genuine
518,65,79,64,78,4,3,3,2,1,1,39.7,Suspicious
2304,51,79,77,66,3,1,1,3,1,1,30.97,Suspicious
1386,97,95,93,85,0,0,1,0,0,0,7.21,Genuine
4008,90,83,100,95,0,0,1,0,1,0,11.62,Genuine
2841,78,56,60,46,2,2,3,1,2,2,37.55,Suspicious
850,59,60,80,67,1,0,2,1,3,3,33.5,Suspicious
1921,56,64,47,70,4,1,3,3,1,2,47.28,Suspicious
4746,63,69,59,49,3,2,2,1,1,3,45.81,Suspicious
2681,66,70,66,71,4,1,3,2,1,1,33.61,Suspicious
3572,59,70,73,70,2,3,1,2,1,3,38.75,Suspicious
3489,77,47,55,77,1,0,3,2,3,2,32.38,Suspicious
3232,55,35,60,54,8,4,5,4,6,8,76.03,Fake
4619,86,94,89,96,1,0,1,0,0,0,12.01,Genuine
174,72,66,61,73,4,2,3,1,1,3,42.53,Suspicious
1981,82,91,82,88,1,1,0,1,1,0,12.94,Genuine
2585,61,80,64,53,1,3,2,1,2,2,39.01,Suspicious
1729,93,96,97,97,1,0,1,0,0,1,6.7,Genuine
1259,19,50,36,18,6,5,2,3,5,4,72.47,Fake
3567,87,82,91,92,0,1,0,0,0,1,14.89,Genuine
1774,13,56,21,34,4,3,7,4,6,7,74.33,Fake
1093,82,88,85,85,1,1,0,0,0,0,12.1,Genuine
2676,17,46,40,46,7,3,4,3,6,7,82.3,Fake
1137,54,54,76,47,4,1,3,4,2,1,36.62,Suspicious
3877,75,56,46,73,2,1,2,2,2,3,38.0,Suspicious
2199,84,87,97,97,0,1,0,0,0,1,10.45,Genuine
565,94,99,98,96,1,1,1,0,1,0,16.94,Genuine
4759,60,55,72,64,3,2,0,4,2,1,31.26,Suspicious
279,11,31,39,60,6,4,5,6,7,8,78.36,Fake
2583,33,24,21,55,9,4,6,3,5,6,87.14,Fake
2479,56,49,51,45,1,3,0,1,3,1,36.32,Suspicious
169,42,23,10,34,8,5,3,5,2,5,78.63,Fake
1558,85,91,97,90,0,0,1,1,0,0,9.16,Genuine
3498,24,44,48,33,5,3,5,3,3,6,77.52,Fake
3310,77,48,47,46,4,3,1,1,1,1,44.9,Suspicious
506,62,49,59,78,4,1,2,3,3,1,33.76,Suspicious
2686,20,24,41,37,8,2,2,5,3,6,76.71,Fake
392,57,47,31,52,9,2,5,7,2,8,87.55,Fake
2585,80,85,84,99,1,1,1,0,1,0,16.19,Genuine
4402,92,83,88,94,0,1,0,0,1,0,7.03,Genuine
4937,62,74,69,61,4,3,3,3,1,2,47.5,Suspicious
3791,59,53,59,53,6,2,3,6,6,7,70.78,Fake
3320,50,58,47,62,3,0,3,4,1,3,50.58,Suspicious
3411,93,87,98,93,1,0,1,0,1,0,10.8,Genuine
2218,28,38,12,35,5,3,3,6,3,5,78.85,Fake
3669,12,13,14,59,4,2,3,6,7,4,73.57,Fake
202,36,11,60,10,4,4,6,4,6,8,78.36,Fake
1901,84,89,86,94,0,1,0,0,1,1,13.6,Genuine
3931,12,30,25,41,5,4,7,4,6,5,81.99,Fake
3403,78,78,67,56,3,3,2,2,2,2,36.33,Suspicious
4663,32,19,55,24,6,5,2,3,4,8,78.02,Fake
1274,75,46,56,54,1,3,0,1,3,3,42.96,Suspicious
1762,46,41,80,50,1,3,2,3,3,3,42.65,Suspicious
4947,48,67,62,70,4,2,2,3,1,2,42.71,Suspicious
2623,45,59,54,54,3,3,1,1,3,1,36.25,Suspicious
4062,52,69,66,67,4,2,0,4,2,1,35.67,Suspicious
2464,38,15,45,40,5,5,7,5,6,5,77.6,Fake
1237,75,56,51,63,4,1,2,1,2,2,35.07,Suspicious
1590,51,48,39,14,3,3,4,7,7,9,74.54,Fake
3169,10,34,35,44,3,5,3,7,3,8,79.25,Fake
2830,71,61,62,62,1,2,3,1,2,3,38.2,Suspicious
2596,80,80,80,92,1,1,0,1,0,0,17.0,Genuine
159,84,81,91,90,0,0,0,1,1,0,6.95,Genuine
2168,24,20,33,13,5,6,7,4,2,7,86.99,Fake
3705,75,51,75,63,3,1,2,4,1,1,32.26,Suspicious
3164,51,45,50,66,4,0,2,2,3,3,44.18,Suspicious
3974,47,59,80,49,2,1,1,1,2,1,36.8,Suspicious
2327,62,62,51,70,1,3,1,4,1,3,43.33,Suspicious
1272,15,11,15,55,5,5,6,5,2,3,73.2,Fake
1118,62,74,77,51,2,1,3,1,3,2,34.65,Suspicious
454,48,45,70,53,1,3,1,4,3,1,39.31,Suspicious
973,15,33,22,30,8,7,7,7,5,6,88.29,Fake
4215,89,95,83,88,0,1,0,1,0,0,12.36,Genuine
3637,20,13,42,15,6,3,4,6,2,4,70.87,Fake
1388,17,33,23,44,9,2,4,6,5,3,71.8,Fake
4436,70,46,68,60,2,2,3,3,2,2,42.55,Suspicious
1653,81,86,97,85,0,0,1,1,1,1,20.09,Genuine
4177,45,32,41,19,5,7,7,5,2,8,86.76,Fake
1329,62,68,67,58,3,0,0,1,1,1,36.22,Suspicious
2833,49,48,16,45,5,5,5,6,6,8,75.7,Fake
3093,12,49,14,32,7,7,2,5,4,4,72.72,Fake
203,56,22,48,46,3,5,2,7,3,8,74.01,Fake
2106,53,55,24,33,7,5,3,3,4,9,75.21,Fake
1935,33,30,11,32,5,6,3,4,3,9,82.36,Fake
2199,63,77,80,51,2,2,0,1,3,2,29.91,Suspicious
3225,19,32,31,56,7,2,7,4,3,5,78.24,Fake
4173,71,47,68,64,2,0,2,1,2,3,33.41,Suspicious
4699,76,63,75,52,3,3,2,3,3,3,40.65,Suspicious
4983,38,25,45,26,6,7,3,3,2,7,85.28,Fake
1599,54,39,49,56,6,4,6,7,7,4,73.49,Fake
2168,10,53,15,10,8,4,7,7,7,3,88.4,Fake
3491,33,15,39,19,9,3,4,3,6,7,92.37,Fake
4679,97,95,81,95,1,0,0,1,0,1,6.94,Genuine
4414,73,54,67,47,1,3,0,1,2,1,32.2,Suspicious
1854,31,11,24,57,4,7,7,3,5,8,76.77,Fake
1991,30,54,35,47,9,5,3,7,7,9,80.23,Fake
1290,41,20,31,31,5,2,7,6,6,7,80.06,Fake
2355,26,34,28,51,6,4,6,7,2,7,82.81,Fake
4486,56,35,57,14,5,4,7,7,5,5,79.03,Fake
2803,47,57,66,60,3,0,1,2,1,2,39.54,Suspicious
520,96,98,85,87,1,0,1,1,0,1,14.45,Genuine
1638,47,32,17,56,6,3,4,5,2,4,66.53,Fake
4186,57,65,46,67,4,0,3,4,2,2,39.92,Suspicious
4565,22,25,21,48,5,7,6,6,2,9,77.89,Fake
2415,98,100,82,94,0,1,1,1,0,0,13.82,Genuine
3826,40,51,20,10,7,6,7,3,3,9,85.17,Fake
776,60,48,54,73,1,0,3,3,3,3,39.2,Suspicious
4940,91,92,80,99,1,1,1,0,1,1,21.2,Genuine
2535,98,98,88,87,1,1,0,0,0,1,13.06,Genuine
4515,89,86,81,94,1,1,1,0,1,0,14.68,Genuine
403,93,85,85,85,1,1,0,0,1,0,17.07,Genuine
2163,55,62,46,63,1,3,2,4,1,3,49.2,Suspicious
4075,82,88,91,91,1,0,1,0,0,0,10.73,Genuine
1377,88,82,91,88,0,1,1,1,1,0,8.35,Genuine
971,56,76,65,67,1,0,1,3,2,1,30.53,Suspicious
3988,66,49,67,59,2,1,0,4,2,3,33.09,Suspicious
4438,82,99,84,97,1,1,0,0,0,0,9.67,Genuine
1652,43,18,59,45,8,7,5,5,6,5,80.08,Fake
133,60,10,52,19,7,6,5,6,7,5,86.69,Fake
3692,80,84,99,95,1,0,1,0,0,1,19.15,Genuine
4368,69,60,63,78,2,3,1,3,3,1,30.46,Suspicious
4290,86,97,95,85,0,1,1,0,1,1,11.68,Genuine
2909,79,49,72,77,1,2,3,1,2,2,30.73,Suspicious
1859,86,84,87,87,0,1,1,0,1,0,11.91,Genuine
2088,99,91,90,99,0,1,1,0,0,1,12.4,Genuine
3607,10,59,59,45,9,5,4,5,3,7,89.06,Fake
1642,94,100,91,91,1,1,0,0,1,0,7.41,Genuine
1261,49,80,79,75,1,1,1,4,3,3,33.84,Suspicious
4632,77,49,53,77,1,2,3,4,3,1,34.32,Suspicious
4833,70,63,53,79,2,2,3,3,3,2,42.69,Suspicious
956,46,51,45,47,4,1,3,3,1,1,45.66,Suspicious
1098,84,83,99,88,0,0,1,1,0,0,5.03,Genuine
3980,54,68,62,56,1,2,1,3,1,2,35.99,Suspicious
3500,66,67,65,62,3,3,0,2,1,1,36.73,Suspicious
3362,71,74,46,79,3,3,3,4,3,3,49.31,Suspicious
4930,55,48,56,46,3,5,6,6,2,9,74.89,Fake
3072,63,68,54,56,2,1,1,4,2,1,34.34,Suspicious
2114,30,34,34,31,9,2,7,4,7,4,84.89,Fake
3865,48,69,78,71,3,3,3,4,3,1,33.2,Suspicious
3110,59,36,39,44,4,7,4,4,4,6,74.36,Fake
3459,53,41,59,32,7,6,5,6,7,3,77.56,Fake
4506,96,84,91,95,1,0,0,0,0,1,13.18,Genuine
3818,93,81,100,88,1,0,0,1,1,0,6.83,Genuine
2210,78,73,64,74,2,3,0,2,2,2,28.18,Suspicious
4849,20,11,10,40,6,7,7,4,3,9,87.31,Fake
2684,45,50,79,73,1,0,1,2,3,2,37.79,Suspicious
1564,48,71,47,60,4,1,0,1,2,3,42.43,Suspicious
1121,60,55,55,79,3,2,0,4,3,1,34.73,Suspicious
4491,75,44,63,78,2,0,1,2,3,2,30.47,Suspicious
4386,57,35,57,42,9,6,7,5,2,7,81.42,Fake
1020,66,53,69,62,4,2,3,4,1,1,40.83,Suspicious
3385,87,80,100,87,0,1,1,0,0,0,6.81,Genuine
1839,84,86,88,93,0,0,0,0,1,1,11.2,Genuine
3777,74,68,73,63,4,3,0,4,3,1,36.93,Suspicious
3937,95,81,92,86,0,0,0,0,0,1,9.26,Genuine
447,92,86,91,87,0,0,0,1,0,1,15.38,Genuine
2881,42,39,45,34,7,7,7,4,5,3,81.79,Fake
171,71,60,77,80,3,0,2,2,2,2,34.12,Suspicious
529,69,58,46,46,3,2,2,1,3,2,45.8,Suspicious
1835,71,52,68,53,4,0,2,3,1,3,45.06,Suspicious
1076,57,57,66,68,1,2,0,3,1,1,33.36,Suspicious
2148,22,21,27,27,3,7,6,7,7,7,80.54,Fake
292,52,52,15,34,5,2,5,3,4,3,59.98,Fake
848,76,60,50,60,3,1,2,1,2,1,40.48,Suspicious
3490,47,51,46,38,9,3,3,4,3,3,68.98,Fake
4642,70,66,70,59,2,0,1,4,2,1,29.17,Suspicious
3291,48,19,10,51,7,2,5,5,2,7,79.55,Fake
978,91,88,89,91,0,1,0,1,0,1,12.15,Genuine
4811,48,58,48,57,1,2,1,3,2,1,41.99,Suspicious
521,72,57,76,49,2,3,1,3,2,1,35.44,Suspicious
4559,84,92,99,85,1,1,1,0,0,0,8.8,Genuine
1686,46,64,48,59,2,2,3,3,2,3,50.35,Suspicious
3215,87,82,88,92,1,1,1,1,1,1,22.78,Genuine
2272,64,67,65,55,1,0,0,1,1,1,20.67,Suspicious
4868,86,86,86,85,0,0,0,0,1,1,11.41,Genuine
2517,80,51,55,47,3,3,3,2,1,2,46.14,Suspicious
995,18,51,41,42,8,4,7,4,5,7,80.07,Fake
4984,76,60,78,69,2,3,3,2,1,2,38.74,Suspicious
2813,84,86,84,88,1,0,0,1,1,1,15.04,Genuine
1655,48,48,46,79,3,1,0,3,3,2,35.69,Suspicious
3827,87,86,88,86,0,0,1,0,0,1,10.93,Genuine
4892,56,56,70,75,3,3,1,4,1,1,38.31,Suspicious
524,56,64,67,78,4,2,3,2,3,1,32.99,Suspicious
199,73,44,79,51,4,3,3,1,1,3,44.94,Suspicious
975,91,88,98,100,1,0,1,0,0,1,11.8,Genuine
100,94,94,87,87,0,1,0,1,0,0,6.48,Genuine
3463,32,11,12,15,5,6,6,6,6,9,85.88,Fake
4744,93,91,80,91,0,1,1,1,0,0,13.0,Genuine
3267,93,91,99,86,1,1,0,0,0,1,15.23,Genuine
348,92,84,96,94,0,1,0,0,0,0,15.26,Genuine
4485,27,41,30,19,7,2,7,7,2,3,85.63,Fake
3489,59,72,64,56,1,0,2,4,2,3,36.77,Suspicious
156,12,52,27,19,7,2,4,4,6,3,73.02,Fake
1420,26,58,33,27,4,3,4,3,2,4,68.45,Fake
1332,86,99,82,94,0,0,1,0,0,1,10.19,Genuine
4517,76,52,69,65,4,1,1,3,1,2,36.1,Suspicious
2306,51,21,22,18,5,6,6,5,4,5,82.44,Fake
4753,88,91,99,86,0,1,0,1,0,0,11.57,Genuine
2231,88,88,81,100,1,0,0,0,0,1,16.75,Genuine
4847,80,93,99,92,1,1,1,1,1,0,18.71,Genuine
1435,70,47,78,62,3,2,2,4,2,2,40.81,Suspicious
1819,35,21,57,10,3,5,4,6,7,9,76.82,Fake
872,97,86,96,99,0,1,1,1,0,0,10.32,Genuine
3613,44,13,38,19,5,6,7,3,2,8,78.16,Fake
3744,72,47,75,56,2,1,1,4,2,3,37.59,Suspicious
853,58,77,73,54,1,3,0,3,1,2,30.31,Suspicious
1450,98,86,83,94,0,0,0,0,0,0,3.07,Genuine
2779,80,85,98,92,0,0,0,0,0,1,11.96,Genuine
2703,47,41,49,55,2,0,2,3,2,1,36.44,Suspicious
300,11,18,24,40,6,2,2,3,7,9,82.18,Fake
3926,16,59,28,16,7,4,3,5,2,9,83.35,Fake
3162,83,97,84,87,1,1,0,1,1,1,18.91,Genuine
386,46,43,49,46,3,2,3,4,1,1,44.92,Suspicious
307,51,78,58,59,4,3,3,4,1,2,44.92,Suspicious
3050,92,90,86,91,0,1,0,0,0,1,10.77,Genuine
4110,39,28,42,17,8,4,5,7,6,6,84.59,Fake
1501,38,54,33,12,8,4,3,3,3,5,83.91,Fake
4772,90,94,84,87,1,0,0,1,1,0,6.57,Genuine
2325,61,70,70,66,1,0,3,4,3,3,36.68,Suspicious
4012,80,93,95,96,1,1,0,1,0,1,8.24,Genuine
3506,41,27,26,43,9,3,7,7,4,8,91.08,Fake
2806,44,47,49,36,4,3,5,4,4,4,64.8,Fake
4298,82,87,95,90,0,1,0,0,1,1,10.41,Genuine
616,90,96,84,88,0,0,1,0,0,1,10.71,Genuine
915,62,61,53,79,3,3,3,4,2,2,48.21,Suspicious
1780,53,48,59,57,4,1,3,4,2,2,49.81,Suspicious
4775,86,99,83,95,1,1,0,1,1,1,16.3,Genuine
2121,75,48,75,58,1,0,1,4,2,2,30.65,Suspicious
4236,25,20,15,10,8,6,6,6,2,8,94.1,Fake
4188,87,99,87,90,0,0,1,0,1,0,8.41,Genuine
4305,55,78,64,69,4,1,3,2,2,2,38.85,Suspicious
1904,55,11,15,57,4,2,3,3,6,9,76.57,Fake
472,68,42,70,80,1,0,3,3,1,2,35.83,Suspicious
4199,53,43,46,69,2,3,1,1,1,1,36.56,Suspicious
1585,90,94,92,86,1,1,0,0,0,1,13.75,Genuine
3207,51,20,19,21,7,7,7,3,5,7,87.11,Fake
3252,74,53,77,51,2,3,1,2,1,1,38.87,Suspicious
3376,82,94,90,93,1,1,1,1,1,1,21.04,Genuine
4968,59,45,60,34,7,6,5,3,3,9,72.22,Fake
3070,54,33,36,16,3,4,4,4,5,7,80.15,Fake
1516,87,97,84,91,0,1,0,0,0,0,14.17,Genuine
2657,31,19,35,28,7,2,3,3,5,7,79.31,Fake
4573,87,100,86,95,1,0,1,0,1,0,9.74,Genuine
3862,59,65,74,69,1,3,2,4,1,2,32.76,Suspicious
2902,69,40,59,78,4,3,1,1,3,2,45.09,Suspicious
4325,46,29,58,30,4,6,5,4,5,8,70.67,Fake
2797,34,34,41,36,8,3,4,3,2,8,78.84,Fake
4442,57,71,56,52,4,3,3,4,2,3,51.27,Suspicious
1754,69,60,47,54,3,0,1,3,1,2,37.59,Suspicious
724,14,57,35,16,6,2,3,6,3,7,81.36,Fake
2887,59,71,64,58,3,2,0,3,1,1,36.23,Suspicious
4255,73,71,74,60,4,3,1,1,3,2,33.35,Suspicious
3220,64,46,59,59,1,2,0,2,2,2,27.42,Suspicious
3159,81,82,100,85,1,0,1,0,1,1,15.13,Genuine
742,84,86,83,89,1,0,0,0,1,0,9.37,Genuine
3288,92,98,83,88,1,1,0,1,1,0,11.1,Genuine
4039,84,93,89,100,1,0,1,1,1,0,18.33,Genuine
1054,91,89,80,92,0,1,0,0,0,0,6.69,Genuine
2082,42,33,16,47,9,3,4,3,6,3,71.78,Fake
2080,24,35,24,35,6,5,4,6,2,8,80.18,Fake
1625,91,98,81,91,1,0,1,0,0,1,18.7,Genuine
3383,59,59,20,40,3,7,4,3,7,9,69.73,Fake
3688,86,90,90,94,0,0,0,1,1,0,10.34,Genuine
3125,40,38,44,37,7,4,3,5,6,9,74.63,Fake
1323,40,20,14,44,5,5,7,4,6,6,83.09,Fake
3879,21,38,30,29,6,4,2,4,5,3,67.39,Fake
2159,43,23,26,46,8,3,4,4,4,4,80.46,Fake
4752,50,58,72,61,2,2,2,3,3,3,47.14,Suspicious
2317,31,50,12,37,9,5,3,6,3,6,82.78,Fake
4227,67,61,45,69,2,1,0,4,2,1,33.14,Suspicious
4129,52,48,76,61,3,0,2,4,1,3,41.52,Suspicious
2515,73,60,69,75,3,2,1,3,2,2,35.36,Suspicious
4640,84,96,80,87,0,1,0,1,1,0,10.97,Genuine
1532,84,85,84,87,0,1,0,0,1,0,9.93,Genuine
4477,13,51,52,15,8,2,5,7,7,7,83.55,Fake
2398,48,58,64,48,1,1,1,3,2,1,34.0,Suspicious
4296,47,70,56,52,1,0,3,2,3,1,30.84,Suspicious
3486,12,25,50,58,6,5,3,6,6,9,78.93,Fake
4302,58,10,43,30,9,4,7,4,7,4,85.98,Fake
179,10,56,21,30,3,4,5,4,7,8,79.36,Fake
3258,88,91,81,86,1,1,0,0,0,1,17.26,Genuine
811,60,10,35,56,5,2,4,4,4,6,69.77,Fake
4462,87,93,81,87,0,0,0,0,0,0,11.19,Genuine
4792,47,22,55,48,7,5,6,5,2,6,90.3,Fake
3224,20,58,52,12,5,7,5,6,7,6,77.22,Fake
1325,89,96,94,86,0,1,0,1,1,1,13.94,Genuine
2990,63,60,57,71,1,1,1,4,2,2,34.4,Suspicious
3298,38,54,17,29,9,2,5,3,3,3,75.68,Fake
776,58,75,77,64,2,2,3,3,2,1,30.2,Suspicious
3980,72,47,52,49,1,2,0,1,1,1,29.52,Suspicious
1391,58,47,59,71,1,0,2,1,3,2,36.14,Suspicious
3464,100,97,91,96,1,0,0,0,1,0,7.47,Genuine
3378,51,43,14,40,5,6,4,3,7,8,74.14,Fake
598,76,67,45,75,2,1,1,1,2,2,33.58,Suspicious
4178,24,18,21,45,6,4,7,5,4,7,82.89,Fake
4505,21,36,55,16,7,3,3,7,6,6,79.37,Fake
4812,47,71,54,66,2,2,0,1,3,3,39.05,Suspicious
4267,96,96,91,96,1,0,1,0,1,0,17.22,Genuine
1317,67,71,61,55,1,3,1,1,1,3,35.07,Suspicious
1712,94,89,94,85,0,1,0,0,0,1,11.85,Genuine
626,57,41,76,75,1,2,0,4,2,3,42.22,Suspicious
1852,45,54,58,39,6,6,5,4,3,9,71.12,Fake
2495,64,59,72,49,4,2,1,3,2,1,36.18,Suspicious
2619,30,48,14,54,3,6,2,4,3,4,62.06,Fake
1489,60,47,59,69,3,1,0,3,1,3,41.9,Suspicious
4681,93,97,81,99,1,1,0,0,0,0,9.53,Genuine
1277,89,96,87,96,0,1,0,0,1,1,14.97,Genuine
1317,69,78,53,66,3,1,3,2,2,1,28.81,Suspicious
2878,24,51,58,35,5,5,2,3,2,3,65.37,Fake
1786,96,86,82,97,0,1,0,1,1,0,10.19,Genuine
3744,54,64,64,75,4,3,2,2,2,3,44.83,Suspicious
4697,59,57,39,49,4,4,6,7,3,9,69.9,Fake
2686,12,53,42,18,7,2,5,5,2,4,70.97,Fake
3858,80,88,94,86,1,1,0,1,0,1,14.34,Genuine
431,83,97,80,95,0,1,0,1,1,0,13.33,Genuine
4406,94,91,100,90,0,0,1,0,0,1,10.8,Genuine
3316,91,90,99,87,0,1,0,1,0,1,9.62,Genuine
654,52,49,53,47,3,3,1,1,1,1,44.38,Suspicious
4274,88,83,95,99,1,0,1,1,1,1,17.44,Genuine
1358,70,71,73,66,3,0,2,3,3,3,35.23,Suspicious
895,27,45,43,22,9,7,5,6,7,9,91.99,Fake
2391,13,57,59,14,7,7,3,5,5,9,82.05,Fake
4460,47,48,70,46,3,2,2,1,1,1,42.73,Suspicious
2736,95,92,100,90,0,0,0,0,1,1,9.17,Genuine
4878,89,95,99,86,1,1,0,1,0,0,10.03,Genuine
3436,73,69,65,64,2,0,1,4,3,1,33.54,Suspicious
2253,47,45,66,75,1,3,3,1,3,1,36.59,Suspicious
3683,89,85,100,86,1,1,0,1,1,0,12.58,Genuine
3456,96,99,83,92,1,1,0,1,1,0,16.01,Genuine
1362,14,13,31,27,5,2,3,4,3,7,79.48,Fake
3476,49,69,65,77,1,1,2,3,1,1,26.58,Suspicious
3446,63,51,78,64,3,2,3,3,2,1,39.56,Suspicious
3038,17,46,15,43,3,7,6,3,6,9,72.61,Fake
4951,57,78,74,48,1,1,3,2,3,1,28.38,Suspicious
429,95,96,93,93,0,0,1,1,1,1,10.27,Genuine
1933,84,94,97,88,1,1,0,1,0,1,12.68,Genuine
2320,66,71,49,53,1,0,2,3,3,1,31.45,Suspicious
3253,80,92,81,100,0,0,1,1,1,0,11.87,Genuine
3781,54,29,13,45,8,3,6,7,5,8,86.31,Fake
1845,14,40,60,10,8,7,3,4,3,9,88.93,Fake
4779,50,60,57,53,1,0,2,3,2,2,39.81,Suspicious
4479,80,92,90,97,1,1,0,0,0,1,11.38,Genuine
2192,95,92,92,85,0,0,1,0,0,0,7.73,Genuine
4533,33,24,48,59,3,3,7,7,3,4,70.64,Fake
434,29,47,53,25,8,5,5,6,3,7,81.98,Fake
3491,92,84,91,86,1,0,0,1,1,0,8.35,Genuine
109,38,20,15,28,7,6,4,7,3,5,82.36,Fake
4832,16,38,19,38,3,5,3,5,2,3,67.21,Fake
2701,27,47,46,39,5,3,3,5,5,4,66.38,Fake
341,78,67,46,74,1,0,3,3,1,3,33.05,Suspicious
4123,41,18,14,14,4,2,2,4,3,3,68.95,Fake
1700,50,62,61,68,4,3,0,4,2,2,38.46,Suspicious
972,100,83,92,99,0,1,1,1,1,1,7.9,Genuine
2471,92,87,97,98,1,0,0,1,1,0,9.14,Genuine
706,89,92,84,95,0,0,1,1,0,1,15.87,Genuine
2616,98,85,86,98,0,0,0,0,0,0,7.46,Genuine
2041,36,40,42,30,5,2,6,6,4,5,74.78,Fake
4857,64,61,74,77,1,1,2,2,3,1,23.45,Suspicious
1300,51,42,80,47,3,3,2,2,2,1,42.12,Suspicious
1188,48,43,65,46,4,2,2,3,1,1,46.23,Suspicious
904,50,12,38,27,6,7,3,3,7,9,80.25,Fake
699,52,47,68,45,3,0,3,1,1,2,42.17,Suspicious
4062,98,83,83,99,1,1,1,0,0,1,17.87,Genuine
1203,63,44,76,66,4,1,2,2,1,2,42.41,Suspicious
443,72,60,64,57,1,0,1,1,2,2,25.2,Suspicious
1069,100,100,81,92,1,0,1,0,0,1,17.29,Genuine
1152,80,88,96,91,1,1,1,0,1,1,19.63,Genuine
1561,72,78,80,69,1,3,2,3,1,1,26.42,Suspicious
1318,26,44,27,13,5,2,6,6,3,3,76.32,Fake
2355,85,95,99,87,0,1,1,0,1,1,17.83,Genuine
135,73,74,64,45,4,1,0,2,1,2,37.12,Suspicious
1333,99,86,84,100,1,0,1,0,1,0,11.69,Genuine
3564,46,78,54,61,3,1,3,3,3,3,49.33,Suspicious
367,20,54,21,24,4,2,4,5,7,5,71.05,Fake
1674,89,100,82,92,1,1,0,1,1,1,12.46,Genuine
3407,51,45,71,48,1,1,1,3,1,1,35.21,Suspicious
2718,48,52,49,19,5,2,5,4,7,5,69.28,Fake
3595,84,84,80,90,0,0,1,1,1,0,12.49,Genuine
1341,15,38,60,55,4,3,6,7,5,3,59.82,Fake
3960,46,54,45,54,6,7,6,6,6,3,65.22,Fake
1444,92,96,85,87,0,0,0,0,1,1,14.06,Genuine
2149,81,98,89,85,0,0,0,0,1,1,16.76,Genuine
1512,48,45,70,63,2,3,3,1,3,3,50.93,Suspicious
381,60,62,67,57,1,2,0,2,1,1,28.8,Suspicious
4728,17,46,49,42,6,2,7,4,4,6,77.67,Fake
1013,100,98,81,93,0,0,0,0,0,1,4.94,Genuine
1322,40,30,12,11,5,2,4,7,4,5,75.71,Fake
651,87,94,86,90,1,1,1,1,0,0,11.92,Genuine
879,34,33,34,21,8,4,7,3,6,8,86.84,Fake
3637,45,42,72,77,2,0,1,1,3,2,32.13,Suspicious
839,68,75,75,78,2,1,2,2,3,2,31.24,Suspicious
3981,24,48,56,58,3,5,3,3,5,4,60.52,Fake
4773,57,46,71,54,2,3,0,2,2,3,41.8,Suspicious
3902,58,62,52,80,4,3,3,2,1,2,44.81,Suspicious
4096,49,25,37,25,8,5,6,4,5,7,82.2,Fake
207,93,83,89,92,1,1,1,0,0,1,19.29,Genuine
1598,81,92,98,94,0,0,1,0,1,0,12.94,Genuine
538,49,69,62,67,1,1,1,4,3,1,26.98,Suspicious
1345,53,65,46,49,1,1,3,2,3,1,37.98,Suspicious
591,91,95,83,98,1,0,0,1,0,1,13.15,Genuine
1565,46,27,40,46,8,2,3,3,3,7,77.2,Fake
3763,81,86,88,96,0,1,1,0,1,0,14.38,Genuine
4521,79,61,68,61,2,1,3,3,2,3,40.71,Suspicious
3295,78,45,52,52,4,0,1,4,3,1,41.42,Suspicious
1276,86,81,100,90,1,1,1,1,1,0,19.22,Genuine
1988,54,67,48,58,4,1,3,4,2,3,52.83,Suspicious
4952,92,88,94,100,0,0,1,1,1,1,8.27,Genuine
2002,93,90,89,89,0,1,0,0,1,0,6.07,Genuine
417,98,83,93,86,1,0,1,0,1,0,10.71,Genuine
1763,94,96,80,98,0,1,1,1,1,1,11.48,Genuine
4385,80,65,78,52,2,3,2,3,2,2,31.47,Suspicious
771,16,15,33,42,3,6,4,4,5,4,72.3,Fake
4577,20,39,59,20,6,2,5,6,2,9,84.62,Fake
2553,80,74,72,47,3,3,2,3,2,1,36.88,Suspicious
919,31,53,14,10,5,7,7,4,4,7,81.23,Fake
4148,15,15,36,11,3,7,6,4,6,8,83.65,Fake
928,48,64,52,56,2,3,3,1,1,1,41.22,Suspicious
4599,41,24,27,32,7,3,4,3,3,5,75.34,Fake
2794,57,18,60,58,6,2,7,3,5,4,68.27,Fake
245,55,42,73,49,4,2,0,1,2,3,39.57,Suspicious
3438,80,93,97,92,1,1,1,0,0,0,3.9,Genuine
2384,24,13,29,34,5,5,3,7,6,3,76.17,Fake
148,96,95,94,91,0,1,1,0,1,0,5.95,Genuine
4980,37,26,37,50,4,2,3,4,2,8,70.6,Fake
360,63,62,76,57,3,3,2,1,1,1,30.37,Suspicious
3780,39,58,20,46,9,2,2,5,5,6,72.95,Fake
3408,96,91,96,93,0,1,0,1,1,0,14.91,Genuine
4371,85,92,94,93,0,1,1,0,1,0,11.34,Genuine
2046,91,93,80,93,0,0,1,0,0,0,11.15,Genuine
2123,61,42,73,75,3,2,1,2,1,2,40.01,Suspicious
1422,95,85,87,93,0,1,0,0,0,0,8.85,Genuine
913,80,85,86,99,1,0,1,0,0,1,18.44,Genuine
1487,98,90,93,98,1,0,0,1,0,1,12.27,Genuine
3515,81,85,83,89,0,1,1,1,0,1,15.79,Genuine
2595,50,31,40,30,9,5,3,4,3,8,88.75,Fake
2556,49,42,16,49,7,2,7,6,2,8,85.72,Fake
4901,55,40,61,80,4,1,3,1,1,1,42.57,Suspicious
791,63,71,75,77,2,0,0,2,3,1,19.5,Suspicious
4486,70,58,70,50,3,1,3,3,1,3,39.5,Suspicious
4060,68,51,49,60,4,3,0,2,1,1,42.9,Suspicious
447,65,53,68,51,1,1,3,1,3,1,31.39,Suspicious
1924,94,99,81,94,1,0,1,1,1,0,12.46,Genuine
1359,78,62,57,51,4,2,0,4,2,3,49.42,Suspicious
3063,89,97,80,100,0,1,0,0,0,1,13.63,Genuine
2955,88,83,81,90,1,0,0,1,1,0,16.77,Genuine
3666,40,53,10,12,5,6,4,7,2,3,77.13,Fake
3484,72,67,63,60,1,1,2,4,1,3,39.64,Suspicious
4141,77,66,66,55,1,1,2,3,3,3,30.39,Suspicious
821,30,13,40,53,9,3,7,7,5,9,92.91,Fake
686,18,22,24,36,9,5,6,5,3,6,94.66,Fake
4616,53,59,35,54,7,5,5,4,6,3,69.77,Fake
1091,58,65,54,74,2,3,3,2,2,3,45.7,Suspicious
4264,83,93,88,93,0,1,0,1,0,1,12.05,Genuine
4486,60,65,50,51,1,3,3,2,2,3,48.66,Suspicious
1113,33,49,11,29,3,2,7,7,2,6,71.73,Fake
1169,60,29,25,60,7,2,6,6,3,6,83.07,Fake
2451,79,79,73,61,3,1,3,2,1,2,35.39,Suspicious
581,100,91,91,94,1,0,1,0,1,0,15.94,Genuine
4461,53,46,62,46,4,1,3,2,1,1,39.34,Suspicious
3584,97,86,80,87,1,0,1,0,0,0,10.74,Genuine
3812,81,96,99,94,0,1,0,0,1,0,10.92,Genuine
1033,69,72,58,68,3,0,3,3,1,2,43.14,Suspicious
3159,55,68,47,66,1,2,0,4,3,1,30.43,Suspicious
3822,58,80,79,57,3,2,1,4,3,1,39.34,Suspicious
4162,100,87,99,88,0,0,0,1,0,0,8.33,Genuine
803,41,37,37,47,3,5,2,7,6,3,57.77,Fake
485,61,55,45,47,3,3,3,2,1,2,39.49,Suspicious
2902,80,94,95,92,1,0,0,0,0,1,12.79,Genuine
1844,47,52,38,59,4,7,3,7,7,9,72.89,Fake
3231,53,48,52,79,2,0,1,4,2,3,46.14,Suspicious
2932,49,60,62,49,4,0,2,1,1,1,38.92,Suspicious
3260,46,79,58,75,2,0,2,2,3,2,35.01,Suspicious
2104,86,85,96,100,1,1,1,0,0,0,20.69,Genuine
475,93,99,99,96,1,0,0,0,0,1,11.37,Genuine
4830,56,66,48,79,1,3,0,4,2,3,40.36,Suspicious
983,80,88,100,85,1,0,1,1,0,0,15.08,Genuine
4490,84,94,95,92,1,0,1,1,1,1,9.47,Genuine
3746,48,49,59,58,6,2,2,4,5,8,67.96,Fake
1825,80,86,99,97,0,0,0,1,0,0,10.95,Genuine
2449,90,89,96,98,1,1,0,1,0,0,9.05,Genuine
2416,78,75,60,54,2,0,1,1,1,1,30.39,Suspicious
3293,43,23,34,35,7,3,5,7,5,3,71.99,Fake
4607,65,64,45,50,3,2,3,3,3,3,54.24,Suspicious
453,90,99,95,88,1,1,1,1,0,0,17.35,Genuine
2660,74,46,50,46,2,3,1,3,1,3,44.41,Suspicious
3669,34,20,37,42,9,3,7,4,7,6,88.29,Fake
668,97,93,98,96,1,1,0,1,0,1,7.08,Genuine
4041,98,99,99,99,1,1,1,1,0,1,13.39,Genuine
4896,91,99,92,91,1,1,1,1,0,0,15.8,Genuine
2661,87,95,85,85,0,0,1,0,1,0,13.16,Genuine
908,85,81,81,100,1,1,1,0,0,1,23.51,Genuine
4385,48,45,46,57,5,2,6,4,6,5,64.11,Fake
3989,47,64,48,55,4,2,3,2,3,1,41.63,Suspicious
4761,84,91,95,90,0,1,1,1,1,1,17.95,Genuine
3507,93,91,90,87,0,0,1,0,1,1,9.08,Genuine
2872,76,59,72,52,3,1,0,1,2,1,31.27,Suspicious
3999,98,86,97,98,1,1,0,0,0,1,16.95,Genuine
2662,45,61,69,61,1,3,1,1,1,2,41.9,Suspicious
2673,99,96,97,95,1,0,1,0,0,0,7.51,Genuine
3224,47,42,47,17,4,7,5,5,4,3,74.84,Fake
4693,66,68,58,49,4,1,1,2,1,2,34.16,Suspicious
1468,10,37,31,50,7,2,5,4,5,8,85.57,Fake
2958,56,52,25,54,4,5,5,7,6,9,77.31,Fake
2908,50,33,49,33,3,7,5,3,4,5,70.61,Fake
503,92,86,94,96,0,1,0,0,1,0,12.77,Genuine
3753,89,90,87,89,0,1,1,1,1,1,15.18,Genuine
3720,38,49,42,13,5,5,6,7,7,6,80.25,Fake
4901,87,81,88,88,1,1,0,0,0,1,15.65,Genuine
4556,78,62,61,59,2,0,0,1,1,3,32.82,Suspicious
347,91,99,97,87,0,0,1,1,0,1,9.69,Genuine
3825,86,89,81,97,0,0,0,1,1,1,16.39,Genuine
2046,78,72,78,54,2,3,0,1,1,1,29.8,Suspicious
3216,96,99,97,100,1,0,1,1,0,0,12.09,Genuine
2575,92,92,86,89,1,0,1,1,1,0,11.94,Genuine
3369,46,69,74,51,3,0,0,4,1,2,32.62,Suspicious
3532,46,52,54,51,3,2,2,4,3,3,48.76,Suspicious
1555,78,61,65,53,4,0,3,1,3,1,36.74,Suspicious
2434,21,36,26,31,9,3,4,6,6,5,90.71,Fake
4149,41,30,19,51,5,4,5,7,3,6,73.97,Fake
788,17,38,46,36,7,4,2,7,3,8,83.87,Fake
2845,51,76,52,49,4,3,1,3,2,3,48.85,Suspicious
1163,80,92,83,88,1,1,0,0,1,0,13.29,Genuine
1121,34,59,26,60,8,7,6,4,7,3,79.55,Fake
3800,90,82,97,93,1,1,0,0,1,1,13.97,Genuine
1862,54,38,34,30,3,4,5,6,4,3,69.02,Fake
3043,92,99,80,100,1,0,0,1,1,0,12.17,Genuine
442,94,98,99,86,0,0,0,0,0,1,2.97,Genuine
3350,82,81,94,92,1,1,0,1,0,1,17.41,Genuine
1367,66,40,52,55,1,0,0,1,1,2,32.36,Suspicious
4871,58,57,77,78,4,3,0,4,1,3,45.86,Suspicious
2957,47,18,42,31,3,5,5,7,4,7,76.36,Fake
794,27,25,54,16,8,2,6,6,6,6,82.17,Fake
4154,10,48,37,36,3,7,4,5,7,6,75.65,Fake
2706,58,28,47,14,3,7,4,4,7,3,69.14,Fake
312,60,75,78,57,3,3,3,2,3,2,40.48,Suspicious
646,12,20,12,37,4,3,2,5,3,3,71.09,Fake
4128,50,54,60,52,6,4,3,7,5,7,77.69,Fake
3683,51,57,64,46,2,2,3,1,1,1,42.98,Suspicious
3262,46,76,46,63,3,0,3,1,2,3,34.97,Suspicious
1531,17,54,26,26,3,2,4,5,4,7,76.31,Fake
4077,47,62,78,62,1,0,3,1,2,1,28.0,Suspicious
2596,65,53,60,45,4,1,1,2,1,1,40.55,Suspicious
4867,39,31,34,37,8,5,4,7,2,9,88.18,Fake
190,23,37,27,42,6,3,6,5,5,9,86.08,Fake
1449,14,18,60,20,8,7,5,3,5,9,85.23,Fake
3095,53,67,51,60,4,3,0,4,3,1,38.25,Suspicious
1967,100,82,93,89,0,1,0,0,0,1,3.03,Genuine
4236,36,21,47,45,3,3,6,3,5,3,62.86,Fake
2560,58,44,50,68,4,3,2,3,2,3,51.99,Suspicious
1186,96,93,82,93,1,1,1,1,0,1,16.19,Genuine
848,27,29,57,50,5,7,2,7,7,5,73.73,Fake
2955,55,66,53,60,2,2,1,2,2,1,34.82,Suspicious
3392,98,80,99,98,0,1,1,1,1,0,8.66,Genuine
1784,48,43,50,72,2,2,0,4,3,3,39.57,Suspicious
1817,21,57,27,19,6,3,5,3,2,9,83.85,Fake
4006,46,61,69,69,4,3,2,4,2,3,47.29,Suspicious
2916,41,42,17,55,8,3,4,4,6,8,83.16,Fake
4306,80,49,60,48,2,2,3,3,2,3,47.07,Suspicious
4820,94,90,81,86,0,1,1,1,1,0,16.6,Genuine
3888,65,57,58,63,1,0,3,4,2,1,27.94,Suspicious
4611,53,32,21,47,9,7,5,7,7,3,83.96,Fake
3187,86,95,87,95,0,1,0,1,0,1,15.16,Genuine
4253,90,82,90,90,1,0,0,1,0,0,15.27,Genuine
953,90,88,80,96,1,0,0,1,0,0,13.56,Genuine
4705,77,79,76,49,1,1,3,1,2,2,35.17,Suspicious
694,71,41,49,73,1,1,2,4,1,1,37.18,Suspicious
3816,79,54,75,60,2,0,3,4,3,2,37.47,Suspicious
4506,57,79,57,77,3,3,2,4,3,1,32.39,Suspicious
603,90,86,100,91,1,1,1,1,1,0,12.58,Genuine
2253,26,50,39,22,7,4,6,5,2,3,76.11,Fake
4180,24,40,26,21,8,7,3,6,3,6,92.97,Fake
1280,39,44,56,36,7,6,2,5,4,7,77.29,Fake
2428,93,90,95,99,1,1,1,1,1,0,13.27,Genuine
4194,10,41,60,41,5,4,6,3,5,3,68.86,Fake
2236,68,45,61,72,2,2,3,3,1,2,42.95,Suspicious
910,76,60,49,50,2,1,1,2,2,2,34.04,Suspicious
3548,58,49,54,50,4,3,1,1,2,1,41.4,Suspicious
3946,20,43,30,22,8,2,7,4,6,3,76.0,Fake
3653,96,84,100,93,1,1,0,1,0,1,14.7,Genuine
1225,45,30,14,20,4,4,3,3,6,6,76.63,Fake
1950,89,95,90,100,0,0,1,1,0,0,10.56,Genuine
4298,81,81,94,95,0,0,1,0,0,0,15.81,Genuine
2981,88,84,92,98,1,0,0,1,1,0,12.75,Genuine
1833,49,51,17,55,4,2,7,3,7,6,78.24,Fake
3314,60,61,76,52,3,3,1,1,2,2,43.09,Suspicious
2696,98,86,100,99,0,1,0,0,0,1,8.77,Genuine
1422,23,50,30,56,4,5,6,4,5,9,77.2,Fake
843,34,53,52,60,6,2,5,4,5,9,75.48,Fake
3356,24,30,27,10,6,4,3,7,4,8,86.28,Fake
3786,70,64,55,67,2,0,3,4,2,3,37.41,Suspicious
890,61,74,62,69,3,2,2,1,1,2,40.33,Suspicious
3426,47,60,64,53,1,3,3,2,2,1,36.5,Suspicious
2424,100,84,91,87,1,0,0,1,1,1,13.51,Genuine
4041,27,28,19,59,4,2,7,3,7,7,73.68,Fake
425,80,91,97,86,1,0,1,0,0,0,13.88,Genuine
4569,48,49,69,76,4,1,0,4,1,1,38.21,Suspicious
2834,50,68,49,74,1,2,1,4,3,2,41.32,Suspicious
4593,68,52,50,78,3,0,0,3,2,2,41.7,Suspicious
987,86,94,93,91,0,0,1,1,1,0,6.88,Genuine
441,10,18,56,33,7,3,5,6,6,9,86.89,Fake
841,36,37,46,24,5,7,4,7,6,8,80.28,Fake
2614,49,54,58,19,9,2,2,4,2,5,72.13,Fake
2775,79,71,67,69,3,3,1,1,2,3,38.46,Suspicious
4402,78,61,46,60,3,1,3,2,1,3,43.6,Suspicious
1165,83,81,93,95,0,0,1,0,0,1,7.23,Genuine
1575,97,84,84,86,1,0,0,0,1,1,12.15,Genuine
4126,98,100,82,100,0,1,0,0,0,0,5.77,Genuine
2701,45,49,74,76,3,1,0,1,3,3,39.3,Suspicious
1344,79,70,56,54,4,1,3,4,3,1,46.08,Suspicious
869,96,80,100,89,1,0,1,1,1,1,12.09,Genuine
3156,93,100,93,96,0,1,1,1,0,0,8.85,Genuine
1374,62,45,77,54,2,2,3,2,3,3,43.77,Suspicious
2940,49,38,32,51,9,3,4,4,7,5,82.3,Fake
2642,70,71,59,79,2,2,3,4,2,2,38.24,Suspicious
3517,33,27,25,50,7,2,2,6,7,6,75.41,Fake
4968,96,92,94,100,1,1,0,1,0,1,8.63,Genuine
4509,91,93,88,87,1,0,0,1,1,1,16.21,Genuine
253,89,93,91,99,1,1,1,1,1,1,11.44,Genuine
3483,97,83,83,92,0,0,1,0,1,1,11.44,Genuine
2614,50,11,10,56,9,5,4,4,5,4,76.62,Fake
334,62,41,73,51,3,0,0,2,1,1,36.72,Suspicious
3444,89,89,87,97,0,1,1,1,0,1,7.42,Genuine
2139,59,41,55,76,2,0,3,1,2,1,38.78,Suspicious
2935,28,23,12,59,4,7,7,7,7,9,77.68,Fake
2235,52,33,24,12,4,6,6,7,6,3,73.96,Fake
3285,15,25,42,16,6,3,6,7,3,7,87.05,Fake
1549,97,92,84,92,1,1,0,1,1,0,12.6,Genuine
4237,72,47,54,69,3,3,0,2,3,1,42.46,Suspicious
341,71,59,69,53,4,1,2,1,2,3,44.59,Suspicious
4315,80,85,94,86,0,0,1,0,0,1,18.74,Genuine
846,80,46,64,62,1,2,0,2,1,2,29.08,Suspicious
1410,42,31,27,57,3,4,3,5,7,3,62.33,Fake
1752,45,56,70,66,3,1,1,2,1,3,34.02,Suspicious
4375,55,35,49,12,8,7,3,5,5,6,85.6,Fake
4828,83,85,90,98,1,0,0,1,1,1,14.97,Genuine
1624,45,55,51,68,3,1,3,1,3,1,37.17,Suspicious
1305,85,91,100,100,1,1,0,0,0,0,14.46,Genuine
3865,75,46,74,47,3,2,3,1,2,1,37.3,Suspicious
3673,67,58,65,65,4,0,1,3,3,2,38.2,Suspicious
1418,35,56,31,56,8,4,6,3,3,6,77.17,Fake
2256,70,44,68,75,4,0,1,2,2,1,35.85,Suspicious
2327,89,88,98,97,0,0,1,1,1,1,14.59,Genuine
1138,94,83,81,91,0,0,1,1,0,0,10.93,Genuine
4105,63,40,75,78,2,3,1,4,3,3,41.87,Suspicious
1730,87,92,83,90,0,0,1,1,1,1,15.17,Genuine
2721,50,26,60,54,8,6,5,7,3,6,84.86,Fake
1416,40,50,26,36,8,2,2,7,6,4,66.01,Fake
4374,96,99,95,94,0,1,1,1,0,0,13.73,Genuine
4644,30,18,38,36,3,4,6,6,7,7,77.24,Fake
836,60,50,45,66,2,3,2,4,2,1,49.95,Suspicious
3213,53,68,61,56,1,1,0,1,1,2,32.19,Suspicious
4983,76,52,77,78,1,3,0,4,3,1,29.34,Suspicious
1355,85,90,89,98,1,1,0,0,1,0,1.92,Genuine
1114,59,60,75,51,1,3,2,3,3,2,37.6,Suspicious
123,97,94,97,97,1,1,1,1,1,1,18.04,Genuine
2520,79,72,64,60,1,2,0,3,3,3,37.94,Suspicious
3805,72,55,66,72,2,1,2,2,1,3,42.43,Suspicious
1914,40,56,45,54,6,6,6,7,5,6,83.14,Fake
4048,76,68,67,80,2,0,1,3,2,2,31.77,Suspicious
3141,82,82,90,88,0,1,1,0,1,1,15.4,Genuine
1071,93,100,80,94,0,0,0,0,1,0,9.67,Genuine
3010,95,89,91,93,1,1,1,1,1,1,13.27,Genuine
2843,12,41,43,58,3,4,3,5,3,5,68.63,Fake
4574,59,63,70,70,2,1,1,2,1,1,30.5,Suspicious
788,48,25,42,36,3,5,6,4,2,4,67.29,Fake
2454,42,60,12,47,6,5,5,4,2,5,74.84,Fake
1312,87,97,98,96,0,1,0,1,0,1,18.85,Genuine
2423,95,89,99,89,0,1,0,0,1,0,10.6,Genuine
796,93,91,100,95,1,0,1,1,1,1,15.11,Genuine
4929,59,43,51,70,2,2,1,4,2,1,38.82,Suspicious
1264,97,91,82,95,0,1,0,0,0,0,12.24,Genuine
3403,48,10,24,28,4,2,6,7,7,4,75.35,Fake
1235,43,39,21,11,8,4,5,5,2,5,80.94,Fake
384,65,67,50,64,3,0,3,3,1,2,39.35,Suspicious
4516,45,75,52,76,1,3,1,4,1,1,36.51,Suspicious
3414,70,75,61,71,1,3,2,2,2,1,34.49,Suspicious
3176,93,83,83,93,0,0,0,1,0,0,12.28,Genuine
314,31,10,48,51,3,2,5,3,3,5,67.35,Fake
3639,57,56,65,67,1,1,3,3,2,1,37.4,Suspicious
3839,43,12,17,29,7,4,3,3,4,5,77.98,Fake
4326,34,58,15,16,8,4,2,7,5,3,72.27,Fake
3837,77,56,53,75,3,2,0,4,1,2,33.16,Suspicious
2560,61,63,67,62,2,1,1,2,3,3,36.63,Suspicious
515,99,84,92,100,1,0,0,1,0,0,9.49,Genuine
911,52,79,68,54,3,2,2,2,1,2,41.12,Suspicious
2770,15,29,23,50,3,5,2,6,7,9,79.69,Fake
4253,88,83,98,93,0,0,1,1,0,0,10.7,Genuine
4389,60,48,72,57,3,0,0,3,1,2,33.23,Suspicious
2764,44,42,30,29,5,3,2,7,3,7,76.91,Fake
807,95,83,80,90,1,1,0,0,1,0,11.81,Genuine
3981,36,35,49,38,3,3,3,7,4,4,58.19,Fake
668,84,87,92,97,0,1,0,0,0,0,5.04,Genuine
713,95,92,84,97,0,1,1,0,0,0,8.38,Genuine
4368,77,63,58,80,1,2,3,4,3,3,44.46,Suspicious
4528,66,63,70,74,1,3,1,1,1,2,36.57,Suspicious
2063,95,95,96,90,0,0,1,1,1,0,1.2,Genuine
4507,54,62,55,46,2,1,3,1,3,1,35.15,Suspicious
636,63,73,48,47,1,1,3,2,3,3,39.56,Suspicious
3525,95,82,95,100,0,0,0,0,0,0,4.65,Genuine
2329,79,51,72,70,2,1,2,4,3,1,29.33,Suspicious
2433,56,56,68,63,1,3,0,1,3,3,32.68,Suspicious
1753,81,87,89,99,0,1,1,1,0,1,8.81,Genuine
1560,70,71,46,76,1,0,3,4,3,3,40.3,Suspicious
275,30,13,51,50,6,2,6,3,4,5,72.47,Fake
2402,91,85,83,95,0,0,0,1,0,0,10.21,Genuine
1964,52,24,46,47,9,6,2,6,4,3,76.06,Fake
1280,96,92,80,86,0,0,0,0,0,1,7.74,Genuine
3769,73,71,58,60,3,3,0,4,3,1,37.43,Suspicious
1154,30,40,24,54,3,5,7,5,6,3,65.28,Fake
402,21,32,24,42,3,6,7,7,3,5,78.83,Fake
1643,17,32,24,36,9,7,3,4,3,6,87.34,Fake
1784,57,34,41,47,8,4,5,7,5,3,71.67,Fake
4352,51,13,47,43,3,5,7,7,6,5,72.08,Fake
530,86,93,94,92,0,0,0,0,1,1,11.82,Genuine
2101,57,11,54,17,3,6,3,5,4,8,75.57,Fake
2832,22,26,50,53,7,3,2,7,2,6,76.0,Fake
3638,40,15,11,22,4,6,5,5,3,7,86.01,Fake
4175,68,56,62,61,4,0,3,2,3,3,47.47,Suspicious
1964,51,66,65,79,4,3,3,3,1,1,38.22,Suspicious
2472,11,38,58,37,6,6,5,4,2,9,84.82,Fake
1043,21,53,43,44,6,5,7,3,4,7,85.61,Fake
1308,18,32,16,33,5,6,4,3,7,9,82.7,Fake
4741,36,26,41,46,7,6,4,5,2,8,84.53,Fake
2829,69,61,51,70,4,0,0,2,1,3,39.05,Suspicious
4284,14,48,46,49,3,2,3,7,3,9,72.83,Fake
4572,47,31,40,31,3,4,2,4,2,8,75.39,Fake
2722,51,49,63,59,1,0,1,1,1,1,33.58,Suspicious
1592,94,84,87,98,0,1,0,0,1,1,11.79,Genuine
2259,37,11,29,20,8,6,5,7,7,3,82.41,Fake
2579,39,20,40,12,5,3,4,3,5,9,78.74,Fake
651,77,70,62,79,4,2,0,1,3,2,36.87,Suspicious
1054,20,31,38,34,4,7,7,4,7,7,77.81,Fake
4150,58,65,71,78,1,3,0,1,1,3,34.39,Suspicious
954,72,43,74,61,2,3,1,4,3,3,33.05,Suspicious
4338,51,49,54,72,4,1,1,3,1,3,50.98,Suspicious
371,73,62,61,65,1,0,0,1,1,2,29.4,Suspicious
4810,67,56,70,52,1,1,1,2,2,2,31.34,Suspicious
4459,78,72,54,70,2,0,1,2,3,1,31.56,Suspicious
4148,50,49,52,62,4,0,1,2,2,2,44.21,Suspicious
3878,45,35,21,53,8,4,7,3,7,5,75.0,Fake
1241,57,78,64,65,1,2,2,2,2,3,40.16,Suspicious
165,96,94,89,99,0,1,0,1,0,1,9.37,Genuine
3070,92,85,83,98,0,1,0,1,0,1,12.97,Genuine
215,68,43,64,60,2,2,1,1,1,3,46.35,Suspicious
2656,72,41,48,66,2,0,2,4,2,1,39.1,Suspicious
177,47,74,78,65,4,3,3,2,2,2,41.04,Suspicious
2601,79,67,48,51,3,2,3,2,3,2,51.86,Suspicious
4535,67,48,74,64,2,3,0,4,2,1,30.9,Suspicious
1648,89,100,80,99,0,0,1,1,0,1,7.89,Genuine
4268,76,72,48,74,1,0,2,1,2,3,33.97,Suspicious
2138,95,80,90,94,0,0,0,0,0,1,10.53,Genuine
1399,55,10,30,32,3,2,2,7,7,8,69.4,Fake
3402,95,97,91,88,0,1,0,1,1,1,14.75,Genuine
885,87,82,87,99,1,0,0,0,1,1,12.99,Genuine
3086,25,59,18,12,8,5,5,5,3,7,82.89,Fake
4316,81,82,84,86,0,1,1,1,1,1,16.42,Genuine
4578,92,84,93,98,0,0,0,1,0,0,9.26,Genuine
1284,89,81,98,98,1,0,0,1,0,1,10.07,Genuine
1078,55,26,28,20,6,3,4,5,5,8,83.34,Fake
4114,39,50,34,23,5,5,3,4,4,5,71.54,Fake
649,57,54,36,59,8,3,6,7,7,8,78.99,Fake
3772,72,78,61,56,4,1,1,1,3,3,39.15,Suspicious
1362,44,53,33,49,7,5,5,7,5,3,78.97,Fake
1571,86,100,94,92,1,1,1,0,1,1,16.38,Genuine
4462,12,34,36,53,9,4,5,3,7,3,76.01,Fake
2922,35,30,37,57,6,3,3,3,6,9,71.52,Fake
4382,55,40,68,51,1,0,2,1,2,3,41.94,Suspicious
1289,95,100,80,99,1,0,1,1,1,0,10.52,Genuine
2327,38,28,52,11,4,6,4,3,5,5,79.84,Fake
3156,84,85,82,89,0,0,0,0,1,1,9.36,Genuine
1238,13,31,35,41,8,4,6,3,6,6,85.6,Fake
3629,24,41,11,30,6,6,2,7,4,8,84.49,Fake
4429,58,41,57,49,3,3,3,2,3,2,45.43,Suspicious
962,45,28,39,25,9,3,3,3,4,6,79.27,Fake
2128,93,80,82,86,0,0,0,0,0,1,12.52,Genuine
1940,43,11,10,57,5,5,4,5,2,7,80.71,Fake
3870,81,93,81,89,1,1,1,0,0,0,14.25,Genuine
3395,50,53,28,53,5,5,7,5,4,8,71.76,Fake
4449,57,50,64,67,1,2,2,2,2,2,41.2,Suspicious
4410,83,97,100,99,0,0,0,0,1,1,9.23,Genuine
3673,80,51,78,79,4,1,0,1,2,1,25.35,Suspicious
1378,97,88,91,87,0,1,0,0,0,1,19.34,Genuine
3637,89,84,94,91,1,0,1,1,1,1,18.16,Genuine
1672,57,38,22,12,4,7,7,7,6,9,82.92,Fake
4225,55,56,14,11,8,7,5,4,6,7,81.11,Fake
523,36,33,40,39,3,2,7,4,3,5,71.69,Fake
1610,60,57,26,54,3,2,2,4,5,3,48.66,Fake
732,74,68,66,73,4,1,1,4,3,2,32.85,Suspicious
1260,82,97,91,98,1,1,0,0,1,1,14.52,Genuine
969,54,13,45,15,6,4,6,6,7,9,82.95,Fake
2151,58,60,22,41,4,3,5,5,7,8,74.69,Fake
1269,57,53,52,63,1,1,2,2,3,1,39.73,Suspicious
4995,32,54,26,49,7,3,6,6,3,8,82.77,Fake
4714,32,54,36,24,8,4,7,7,7,4,79.91,Fake
1406,64,75,66,55,4,0,3,2,3,2,43.15,Suspicious
1323,90,91,97,98,1,1,0,0,1,0,14.56,Genuine
4510,79,46,50,70,2,0,2,3,3,1,36.46,Suspicious
4966,87,100,83,98,1,0,0,0,1,0,1.42,Genuine
2126,38,43,18,44,8,6,7,7,3,3,83.37,Fake
1432,49,30,14,20,5,2,4,7,2,3,69.97,Fake
3063,80,81,95,95,1,1,1,0,1,0,13.57,Genuine
1247,97,80,86,88,1,1,1,0,0,0,14.63,Genuine
2277,19,31,15,36,6,2,2,3,6,7,81.64,Fake
911,49,14,58,56,6,6,2,7,2,4,72.02,Fake
1866,83,92,98,86,0,0,1,1,1,1,15.24,Genuine
2989,66,64,46,53,1,0,1,2,3,3,30.0,Suspicious
2910,52,73,62,76,1,1,1,3,3,3,30.52,Suspicious
2381,52,49,58,74,1,2,3,1,2,1,39.57,Suspicious
4529,90,83,93,89,1,0,1,1,1,0,14.63,Genuine
751,100,87,90,88,1,1,0,1,0,0,9.73,Genuine
3578,91,84,81,88,0,0,0,1,1,0,8.89,Genuine
1317,81,96,83,94,1,1,0,0,1,0,8.76,Genuine
1888,45,56,66,60,3,2,2,1,2,3,45.36,Suspicious
4720,76,53,54,80,2,0,1,4,3,2,35.76,Suspicious
2022,93,81,81,95,0,0,1,0,1,0,7.35,Genuine
2077,75,66,61,67,1,2,2,3,2,1,39.39,Suspicious
4937,46,60,60,11,5,5,4,3,7,5,68.55,Fake
760,97,98,97,100,1,1,0,0,0,0,6.77,Genuine
1756,36,16,29,59,9,6,2,6,2,8,85.51,Fake
2673,96,92,91,95,1,0,1,0,1,1,9.05,Genuine
1010,21,51,32,45,9,4,6,3,7,9,88.54,Fake
4343,65,46,70,67,4,2,1,3,2,3,41.77,Suspicious
262,80,46,49,73,4,1,1,2,2,1,32.57,Suspicious
4526,24,13,20,32,3,3,3,5,2,6,75.36,Fake
4130,66,76,78,77,4,1,3,1,2,3,39.62,Suspicious
3138,35,50,10,25,4,4,4,3,7,7,78.62,Fake
3367,98,88,90,85,1,1,1,1,1,0,15.97,Genuine
3738,63,65,59,54,2,1,2,1,2,1,38.07,Suspicious
4528,100,92,96,92,0,1,1,1,0,1,8.4,Genuine
4522,18,10,22,59,9,3,4,7,7,8,90.73,Fake
1302,84,95,100,100,0,1,1,1,1,1,10.7,Genuine
2729,56,44,76,53,1,2,2,4,3,2,40.45,Suspicious
4768,84,96,97,96,0,1,0,1,1,0,12.1,Genuine
3720,32,34,10,27,9,2,6,6,2,3,77.97,Fake
3266,96,95,82,98,1,1,0,1,0,1,10.68,Genuine
147,81,81,94,85,0,0,0,1,0,0,11.91,Genuine
1917,94,80,96,90,1,1,0,1,1,0,10.18,Genuine
4423,96,98,80,94,1,0,0,1,1,0,12.1,Genuine
3937,19,49,47,23,5,7,2,3,4,3,70.07,Fake
3789,15,20,33,45,3,2,7,4,6,9,79.44,Fake
1602,96,95,87,85,0,1,0,1,0,1,12.37,Genuine
4467,90,88,98,95,1,0,0,1,1,1,14.8,Genuine
3808,81,99,85,90,0,1,1,0,0,1,12.98,Genuine
1152,47,10,49,34,3,7,5,6,4,8,78.11,Fake
4976,85,80,88,99,1,1,1,1,1,1,17.35,Genuine
1020,34,13,35,45,4,4,2,3,7,8,75.98,Fake
1696,57,16,31,41,8,6,2,5,4,5,78.47,Fake
184,17,41,56,30,3,2,4,7,3,9,74.47,Fake
4154,30,33,59,26,9,5,5,3,4,6,80.81,Fake
2788,82,89,94,88,0,0,0,1,0,1,9.86,Genuine
4069,92,98,88,87,0,0,0,0,1,0,9.08,Genuine
2232,25,42,12,32,5,3,3,3,5,7,72.93,Fake
3168,68,80,78,64,1,2,3,1,1,3,35.43,Suspicious
3364,52,48,61,57,1,1,2,2,1,3,42.99,Suspicious
4331,66,72,67,67,2,3,1,4,1,2,39.93,Suspicious
2139,76,68,74,62,1,2,0,2,1,3,36.92,Suspicious
288,55,69,49,51,4,2,3,2,3,2,46.63,Suspicious
2610,70,75,60,76,2,1,3,4,2,3,35.22,Suspicious
3122,66,80,55,47,3,2,2,3,1,3,43.49,Suspicious
3686,51,28,57,38,7,2,4,6,2,5,67.75,Fake
4896,45,73,51,46,1,1,3,4,1,2,33.14,Suspicious
2556,99,89,86,87,1,0,0,0,1,1,13.36,Genuine
2483,20,45,18,47,3,7,4,5,2,6,75.45,Fake
1973,59,54,65,58,3,2,3,1,1,2,43.1,Suspicious
319,79,57,63,49,1,2,1,1,2,3,34.37,Suspicious
588,88,91,85,94,1,0,1,1,1,0,19.33,Genuine
728,59,46,59,50,3,0,3,2,3,2,48.49,Suspicious
4618,89,81,82,91,0,1,1,0,0,1,20.29,Genuine
3334,88,91,89,95,1,0,0,0,1,0,12.71,Genuine
1231,79,56,46,57,4,1,3,4,3,3,48.18,Suspicious
2175,31,53,49,54,7,7,4,6,5,9,77.11,Fake
4178,85,99,94,97,0,0,1,1,0,0,10.64,Genuine
2765,43,40,36,34,6,3,6,7,5,5,73.67,Fake
1698,54,68,60,45,1,1,1,1,1,2,30.67,Suspicious
4332,86,89,98,87,1,1,0,1,0,0,10.41,Genuine
4712,79,63,50,47,2,0,1,2,3,1,29.35,Suspicious
3294,66,78,78,58,4,0,1,4,3,1,31.67,Suspicious
904,60,53,10,42,4,3,5,4,4,8,79.02,Fake
883,64,73,49,62,4,2,2,1,1,3,52.54,Suspicious
2024,53,61,77,70,2,3,2,2,3,3,41.9,Suspicious
2405,54,71,45,67,3,0,3,2,3,1,37.11,Suspicious
2640,46,31,60,19,9,2,2,7,3,8,82.67,Fake
833,14,35,58,12,9,3,2,7,2,3,76.9,Fake
2039,79,64,52,61,1,1,1,2,1,1,29.38,Suspicious
2394,89,96,91,94,1,1,0,0,1,1,14.18,Genuine
4778,82,100,98,98,1,1,1,1,0,0,10.94,Genuine
3053,41,42,19,13,9,4,7,5,6,7,90.87,Fake
4151,40,41,16,52,8,3,7,6,4,3,71.78,Fake
4045,61,76,78,74,4,1,3,4,1,2,41.55,Suspicious
1916,50,43,68,75,3,2,0,1,2,3,38.34,Suspicious
1287,63,45,46,59,1,3,3,1,2,2,44.57,Suspicious
3653,60,10,22,52,5,5,4,4,2,3,67.28,Fake
2901,38,54,58,44,8,4,6,6,2,7,81.29,Fake
4102,65,54,60,53,1,0,3,3,3,1,35.22,Suspicious
4370,50,50,80,64,4,3,2,2,1,1,38.42,Suspicious
1853,67,58,52,57,1,1,2,4,2,3,44.71,Suspicious
2301,56,23,33,14,7,7,6,6,6,7,83.72,Fake
1228,34,21,55,18,9,7,5,6,3,5,84.65,Fake
2863,36,60,23,57,5,7,5,7,7,7,73.71,Fake
2322,44,14,43,55,4,6,3,7,3,8,82.02,Fake
3454,93,83,85,98,0,0,1,1,0,1,12.05,Genuine
3077,40,19,27,52,9,7,5,4,4,8,82.35,Fake
3650,84,86,95,94,0,0,1,0,1,0,11.19,Genuine
4730,66,73,52,62,4,3,3,2,2,2,52.08,Suspicious
377,64,68,75,65,2,2,2,4,2,1,32.1,Suspicious
3392,92,80,81,90,0,0,1,1,0,0,9.43,Genuine
2811,85,93,90,89,0,1,0,0,1,1,10.37,Genuine
4826,64,56,50,62,4,2,2,1,1,2,44.66,Suspicious
3948,32,48,42,11,4,4,2,5,5,8,76.64,Fake
3058,99,97,81,91,0,1,0,0,0,0,6.77,Genuine
3205,61,52,78,49,4,1,3,4,1,1,43.58,Suspicious
3370,44,39,46,20,7,3,7,7,5,3,75.69,Fake
3339,100,80,84,95,1,1,1,0,1,1,23.22,Genuine
2999,72,63,51,69,2,3,1,1,1,3,34.4,Suspicious
4189,38,17,42,50,5,6,2,7,2,4,71.68,Fake
4821,36,26,55,24,8,6,3,5,5,4,79.06,Fake
637,36,22,50,11,4,6,2,7,5,4,70.84,Fake
3304,24,52,41,59,3,4,6,5,6,4,66.08,Fake
2452,57,49,28,42,9,2,7,7,6,4,90.82,Fake
4581,70,41,48,76,4,1,1,3,1,1,37.47,Suspicious
3836,90,87,91,99,1,1,1,1,0,1,16.67,Genuine
655,69,41,66,49,4,3,1,4,1,1,46.14,Suspicious
4082,79,41,53,57,3,1,3,1,1,2,39.8,Suspicious
4059,22,47,18,25,6,3,2,5,4,8,81.94,Fake
1633,89,83,91,95,1,0,0,1,0,0,10.5,Genuine
263,85,93,81,96,0,1,1,0,1,1,10.49,Genuine
1421,64,66,70,76,2,1,3,1,2,1,26.9,Suspicious
4990,90,83,97,91,0,1,0,1,0,0,6.54,Genuine
892,90,92,85,94,1,0,0,0,0,0,13.83,Genuine
784,67,61,72,61,4,1,1,2,1,2,37.94,Suspicious
2126,21,28,31,51,6,7,7,5,2,7,85.46,Fake
3679,92,96,100,87,1,1,0,1,1,0,10.07,Genuine
311,98,86,94,89,0,0,1,0,0,1,12.37,Genuine
4790,68,47,59,50,3,0,2,2,1,3,37.83,Suspicious
3220,49,22,38,14,4,3,4,6,4,7,77.7,Fake
1698,98,96,92,95,1,1,0,1,1,1,18.28,Genuine
3308,17,51,20,44,5,3,3,5,7,6,86.63,Fake
1761,50,73,59,70,1,1,1,2,3,2,30.47,Suspicious
210,11,44,52,16,8,7,5,5,3,9,83.58,Fake
2766,26,54,16,31,4,3,6,4,5,6,77.37,Fake
4335,36,40,44,53,9,6,6,6,5,3,81.6,Fake
1846,50,15,40,12,5,2,5,5,6,7,79.65,Fake
4652,93,96,81,93,0,1,1,0,1,0,12.96,Genuine
3704,73,49,49,78,2,1,0,4,1,3,40.08,Suspicious
1973,55,46,61,62,3,3,3,4,2,3,53.56,Suspicious
1169,59,38,21,48,9,4,2,5,7,6,74.14,Fake
4188,45,50,10,23,7,3,7,5,5,3,76.35,Fake
669,91,98,94,96,1,1,1,1,1,1,10.8,Genuine
2399,80,49,61,74,1,1,0,2,2,3,34.21,Suspicious
2136,78,69,63,53,4,3,2,3,3,3,41.76,Suspicious
4885,98,85,92,99,1,1,0,0,0,0,9.03,Genuine
4510,88,84,80,85,1,1,1,0,0,0,16.18,Genuine
3491,81,100,99,97,0,0,1,1,0,1,16.64,Genuine
4551,32,13,50,49,3,6,2,3,2,9,67.97,Fake
2451,33,27,56,46,8,2,7,3,7,3,68.65,Fake
4252,54,64,62,59,3,2,2,2,1,3,36.48,Suspicious
4528,51,32,34,30,7,3,5,3,6,9,77.78,Fake
1168,45,30,26,42,4,4,3,5,5,3,62.29,Fake
1088,56,80,78,69,1,0,0,3,1,2,28.82,Suspicious
3858,92,83,80,89,1,1,1,0,1,0,11.24,Genuine
4093,49,37,54,17,7,4,5,4,2,8,80.59,Fake
3342,48,12,18,56,9,5,3,3,3,6,77.81,Fake
1479,76,69,65,52,1,1,2,3,1,3,37.03,Suspicious
1769,45,65,54,79,1,1,2,2,3,1,29.95,Suspicious
636,50,54,77,52,1,3,3,4,1,3,42.95,Suspicious
2122,94,96,82,87,0,1,0,0,0,0,11.88,Genuine
1480,56,66,55,58,2,3,2,2,1,3,42.17,Suspicious
2580,55,50,39,16,5,3,3,6,7,5,65.9,Fake
1950,91,91,91,95,1,1,0,1,1,0,7.75,Genuine
3755,60,53,52,63,1,3,3,3,3,1,40.57,Suspicious
152,47,21,56,24,9,7,7,3,5,3,79.89,Fake
2576,64,73,65,67,2,2,0,1,1,3,28.26,Suspicious
4688,46,72,58,64,1,2,2,2,1,2,38.34,Suspicious
3051,47,60,65,61,1,0,2,2,2,2,31.77,Suspicious
1619,14,29,32,20,7,7,3,6,6,6,89.81,Fake
735,49,41,56,49,2,3,0,4,1,2,39.92,Suspicious
1841,98,84,85,97,0,1,1,0,1,1,20.24,Genuine
315,34,48,39,50,6,4,4,6,3,7,75.74,Fake
589,88,92,98,89,0,1,1,0,0,0,8.54,Genuine
1082,90,98,85,87,1,0,1,0,1,1,13.88,Genuine
4049,86,90,96,89,0,1,1,0,1,0,10.83,Genuine
4019,99,80,88,98,1,1,0,1,0,1,13.43,Genuine
2751,53,52,56,56,4,5,5,7,5,9,74.85,Fake
1665,60,59,54,67,3,2,1,3,3,3,50.14,Suspicious
189,33,50,39,31,7,5,5,4,5,5,76.9,Fake
1288,57,42,64,49,2,1,0,1,2,1,38.94,Suspicious
4030,43,56,10,50,9,5,5,3,2,9,76.68,Fake
3813,40,44,13,18,7,3,4,7,2,7,86.83,Fake
1692,57,58,15,52,9,3,6,3,7,4,71.54,Fake
4035,29,43,43,33,6,4,4,3,3,4,73.24,Fake
812,80,49,72,53,1,1,1,4,2,2,34.41,Suspicious
2886,95,87,86,88,0,0,0,0,1,0,8.87,Genuine
731,46,60,49,79,4,2,3,3,1,2,46.45,Suspicious
4565,85,90,88,98,0,1,0,0,0,0,11.62,Genuine
3349,94,85,94,97,0,0,0,1,0,1,9.04,Genuine
1991,100,81,85,94,1,1,0,1,1,0,6.25,Genuine
3195,46,80,45,54,2,1,2,1,1,1,33.59,Suspicious
4476,90,89,83,89,1,0,0,0,1,0,11.17,Genuine
4817,100,91,86,96,1,0,0,1,0,0,9.41,Genuine
4344,54,42,26,15,6,5,4,6,4,9,84.73,Fake
3212,53,47,30,40,5,4,4,6,5,5,75.35,Fake
3954,16,10,34,57,6,7,2,7,4,6,87.38,Fake
353,30,33,47,12,9,2,2,6,6,5,76.29,Fake
2595,45,78,61,47,2,2,2,4,2,3,41.33,Suspicious
2918,24,13,15,11,6,3,5,6,2,9,85.18,Fake
485,23,31,52,37,8,4,7,4,5,5,83.68,Fake
1883,49,56,52,51,8,4,4,3,3,3,67.66,Fake
4805,93,83,82,85,1,1,0,0,1,1,14.24,Genuine
4930,53,62,75,76,4,2,0,4,3,2,37.55,Suspicious
4223,59,28,26,17,4,4,4,4,4,6,72.21,Fake
4018,63,58,53,51,2,0,1,3,1,1,31.51,Suspicious
1261,76,65,51,76,1,1,2,4,3,1,35.52,Suspicious
4811,49,62,53,73,4,1,1,2,3,3,47.37,Suspicious
650,94,89,84,98,1,0,1,0,0,0,12.12,Genuine
2480,88,95,91,86,1,0,1,1,1,0,10.55,Genuine
1143,20,36,32,42,6,5,6,7,7,9,85.86,Fake
1535,29,31,56,32,3,4,4,4,2,8,71.14,Fake
4881,80,90,92,96,0,0,0,1,0,1,12.23,Genuine
1471,45,55,45,66,1,1,2,3,3,1,39.96,Suspicious
4701,94,88,95,96,0,1,0,0,0,0,11.14,Genuine
2573,27,17,60,21,3,4,2,5,3,7,73.12,Fake
105,41,59,41,19,9,2,2,3,2,8,83.09,Fake
1868,99,80,80,96,0,1,1,1,0,1,18.45,Genuine
3898,66,67,64,62,1,3,0,3,3,1,35.16,Suspicious
2150,54,71,77,71,3,0,2,2,3,3,33.69,Suspicious
925,91,98,88,87,1,0,1,1,1,1,19.79,Genuine
3172,92,82,89,98,1,1,0,1,0,1,13.57,Genuine
3189,91,98,95,95,1,1,1,1,1,0,16.84,Genuine
3465,98,85,96,93,0,1,0,1,0,1,13.79,Genuine
1013,75,58,50,78,4,1,0,4,2,2,37.56,Suspicious
1394,45,41,16,37,6,7,3,6,6,9,82.49,Fake
2547,18,35,29,49,4,4,4,7,4,4,72.61,Fake
1251,67,40,54,45,4,1,2,1,1,3,46.24,Suspicious
1933,60,19,52,47,5,4,3,4,5,8,70.3,Fake
2290,95,94,88,98,1,0,1,0,0,0,5.75,Genuine
1087,46,43,65,78,2,1,0,3,1,1,28.53,Suspicious
4856,49,58,51,80,2,1,3,4,1,2,38.37,Suspicious
824,82,90,86,97,0,0,0,0,0,1,10.65,Genuine
631,54,49,41,33,6,4,6,7,3,6,77.24,Fake
302,32,48,30,50,5,7,2,7,4,5,72.1,Fake
2452,93,85,96,95,0,0,0,0,0,0,5.44,Genuine
3245,97,90,93,97,1,1,1,1,1,1,15.36,Genuine
1216,94,99,89,97,0,0,0,1,1,1,1.49,Genuine
4506,46,71,62,57,2,0,1,2,2,3,38.73,Suspicious
4785,45,45,44,49,9,2,3,4,4,8,82.59,Fake
3642,22,32,21,55,8,2,5,7,2,5,77.9,Fake
2805,29,30,23,17,4,3,4,4,5,7,79.55,Fake
4045,78,52,45,78,1,3,2,1,1,1,29.36,Suspicious
951,29,52,57,52,7,7,3,6,7,7,83.52,Fake
3423,65,65,80,63,2,0,0,2,2,3,36.62,Suspicious
240,93,87,89,86,1,0,0,0,1,0,10.37,Genuine
3898,64,43,46,80,3,0,2,4,2,3,43.77,Suspicious
3912,55,49,61,80,4,2,1,4,1,1,35.42,Suspicious
4754,99,98,96,88,0,0,1,0,0,0,2.48,Genuine
3805,82,93,97,89,0,0,1,0,1,0,4.53,Genuine
1605,70,80,57,56,1,1,2,4,3,3,39.63,Suspicious
956,80,98,99,97,0,0,1,0,0,0,10.1,Genuine
1053,55,51,52,14,8,2,6,3,2,6,79.78,Fake
714,59,50,39,12,9,3,5,6,5,4,79.47,Fake
1491,57,65,53,48,3,2,0,3,2,2,36.16,Suspicious
2453,66,45,67,78,2,1,3,2,3,1,34.77,Suspicious
3650,50,70,49,70,4,2,0,2,3,2,36.01,Suspicious
3130,84,82,94,90,0,0,1,0,0,1,4.62,Genuine
3300,56,69,72,71,2,2,0,2,1,1,29.63,Suspicious
2504,76,63,56,46,3,0,0,1,1,3,38.09,Suspicious
1089,90,87,85,88,0,1,1,0,0,1,14.4,Genuine
1097,60,54,48,71,3,0,0,1,3,1,36.18,Suspicious
121,19,57,32,42,5,6,2,4,6,6,81.52,Fake
1793,13,19,48,33,3,5,7,5,6,4,69.48,Fake
675,75,76,62,55,2,3,0,1,2,1,31.98,Suspicious
964,77,70,55,48,3,1,3,1,2,1,38.03,Suspicious
1492,83,93,85,98,1,0,0,1,1,1,12.05,Genuine
4125,47,58,70,74,4,2,1,1,3,3,43.24,Suspicious
2882,71,73,58,80,1,3,1,3,3,2,39.54,Suspicious
1268,88,80,91,98,0,0,0,0,0,0,5.38,Genuine
4210,51,42,76,75,2,2,2,1,1,1,34.74,Suspicious
1116,20,24,48,49,4,5,2,5,2,6,72.24,Fake
2521,12,38,11,31,8,3,4,5,7,4,80.29,Fake
2639,53,23,18,29,4,2,2,4,3,8,76.59,Fake
3424,43,33,54,44,8,4,7,4,2,4,76.08,Fake
2987,23,58,14,34,8,5,5,3,5,8,85.34,Fake
4624,26,25,20,22,4,7,3,6,7,7,79.29,Fake
2704,55,52,75,57,2,1,2,3,2,2,39.18,Suspicious
4897,100,92,93,91,0,1,1,1,0,0,16.18,Genuine
4179,81,82,93,98,1,1,0,0,0,0,15.0,Genuine
2759,94,92,98,97,1,1,0,0,1,1,14.98,Genuine
2594,36,49,41,35,5,7,4,4,3,7,75.61,Fake
3507,84,99,95,85,0,0,1,1,0,1,17.75,Genuine
2299,80,84,97,96,0,0,1,0,1,1,16.17,Genuine
4694,54,51,35,13,7,6,4,6,3,9,80.98,Fake
1160,82,87,87,97,0,1,0,1,0,0,12.88,Genuine
2656,12,57,16,41,7,6,7,6,3,7,86.79,Fake
4500,72,75,48,68,3,2,3,2,2,2,45.4,Suspicious
1323,18,50,31,27,6,3,4,3,7,5,77.71,Fake
3542,84,94,84,91,1,1,0,0,1,1,18.5,Genuine
159,46,51,70,67,2,1,3,1,2,2,40.04,Suspicious
3510,58,49,31,49,9,7,7,4,5,4,78.67,Fake
863,76,62,67,57,1,0,2,2,1,3,29.96,Suspicious
3020,94,98,89,96,1,1,0,0,1,0,4.89,Genuine
2679,62,73,69,50,1,1,1,4,1,3,32.96,Suspicious
2885,91,84,92,90,1,0,0,1,0,0,15.72,Genuine
2257,69,44,55,78,4,3,2,2,3,1,41.76,Suspicious
1487,46,60,53,68,4,0,2,2,3,2,42.85,Suspicious
888,46,45,72,73,2,0,3,1,2,1,37.93,Suspicious
1065,48,65,53,59,1,0,3,2,2,1,31.61,Suspicious
1010,26,10,29,42,8,7,7,4,2,9,86.46,Fake
2483,85,87,81,96,0,0,0,0,1,0,8.67,Genuine
4918,98,98,89,85,1,0,0,1,1,1,18.88,Genuine
610,78,70,51,51,4,3,3,4,3,1,43.32,Suspicious
2360,84,82,89,99,0,1,0,1,0,1,16.04,Genuine
2158,13,33,45,37,9,3,4,7,5,7,84.56,Fake
780,34,40,23,26,6,2,4,6,3,6,78.33,Fake
715,98,95,85,95,0,0,0,0,1,0,8.07,Genuine
1495,32,20,25,58,8,7,7,4,2,9,87.37,Fake
856,42,13,51,20,9,5,2,4,2,3,70.76,Fake
2348,15,12,58,51,6,2,3,5,7,6,72.07,Fake
461,76,76,62,73,3,3,0,4,2,3,37.56,Suspicious
4470,53,58,52,48,1,2,1,2,1,1,29.89,Suspicious
2807,46,63,74,46,4,3,0,1,2,2,35.99,Suspicious
3927,32,44,38,31,7,7,3,7,2,7,85.62,Fake
1560,70,42,49,73,1,1,1,4,2,2,33.93,Suspicious
1646,34,37,47,45,6,5,4,6,2,8,78.06,Fake
2070,47,31,14,57,5,6,3,6,6,6,77.09,Fake
1442,49,42,60,47,5,4,2,6,3,9,68.59,Fake
4563,86,91,95,99,0,1,0,0,1,1,12.69,Genuine
1240,84,81,93,91,1,1,1,1,1,0,15.88,Genuine
1855,98,96,80,90,0,1,0,1,0,0,3.79,Genuine
4022,52,72,75,47,3,3,2,4,2,3,51.36,Suspicious
2429,62,50,46,56,2,1,2,3,1,3,36.57,Suspicious
1700,88,100,89,95,0,0,0,1,0,0,3.88,Genuine
1681,82,88,88,90,1,0,1,0,0,1,12.31,Genuine
3223,34,15,54,31,7,7,7,6,6,5,86.89,Fake
3657,32,31,60,51,6,6,6,3,2,3,71.04,Fake
4085,73,61,77,52,2,0,3,4,1,3,39.51,Suspicious
3481,55,59,55,59,2,3,0,2,2,2,36.2,Suspicious
4493,76,80,67,65,3,0,2,3,1,3,34.66,Suspicious
4331,91,93,94,99,0,0,1,1,0,1,9.95,Genuine
791,82,89,94,90,0,1,1,0,1,0,5.62,Genuine
4160,92,95,92,88,1,1,0,0,1,1,7.89,Genuine
1122,88,89,80,90,1,0,1,1,1,1,22.15,Genuine
2829,37,29,42,42,6,6,6,6,6,8,79.58,Fake
3980,31,24,17,13,6,6,3,3,2,7,88.58,Fake
4588,54,10,14,40,9,6,5,6,6,5,89.71,Fake
2633,29,57,11,32,9,6,6,3,4,8,86.73,Fake
3360,47,58,58,79,1,2,2,3,1,1,34.14,Suspicious
3229,79,58,65,77,3,2,2,2,2,3,39.84,Suspicious
4622,85,94,100,94,0,1,1,0,0,0,6.37,Genuine
4513,60,11,15,53,7,3,2,4,5,6,75.77,Fake
1261,88,94,83,85,1,0,0,1,1,0,7.35,Genuine
3197,68,46,64,57,1,1,0,3,3,1,30.08,Suspicious
2750,95,85,88,87,1,0,1,1,0,0,12.1,Genuine
3241,53,47,22,30,3,5,6,7,3,4,70.54,Fake
2447,67,44,75,50,1,0,1,4,3,3,38.49,Suspicious
139,77,76,71,77,2,3,1,2,2,1,31.87,Suspicious
4181,86,88,83,91,1,1,1,1,0,1,14.17,Genuine
4067,31,41,55,42,4,2,4,5,3,4,67.33,Fake
4935,44,29,55,12,3,3,6,3,2,4,68.05,Fake
4583,24,32,38,26,9,7,5,6,7,3,84.24,Fake
3656,86,86,87,87,0,0,0,0,0,0,8.19,Genuine
2112,93,94,86,88,1,1,1,1,1,0,17.48,Genuine
717,100,87,95,96,0,0,0,1,1,0,7.92,Genuine
3861,80,100,92,97,0,0,1,1,0,1,6.82,Genuine
857,51,41,17,38,5,7,5,6,2,7,76.78,Fake
1857,51,52,48,14,4,4,3,5,5,7,71.08,Fake
2671,45,58,40,46,8,7,7,4,5,6,82.15,Fake
4181,87,93,95,99,0,1,0,0,0,0,13.54,Genuine
3277,89,92,92,94,1,0,0,1,0,0,9.06,Genuine
4091,14,58,39,37,5,4,3,7,3,8,74.45,Fake
2364,60,44,56,54,8,7,2,7,5,6,74.67,Fake
640,73,64,50,55,1,2,3,4,2,3,38.23,Suspicious
756,96,95,83,86,1,1,1,0,0,0,5.99,Genuine
3811,50,51,17,39,8,6,4,5,6,4,79.15,Fake
3098,11,20,42,27,7,4,3,7,2,9,86.15,Fake
4157,36,18,47,22,4,6,4,3,2,4,74.61,Fake
820,97,96,92,87,1,0,1,1,1,0,7.51,Genuine
1613,10,34,52,47,6,4,4,4,3,8,75.58,Fake
355,12,45,40,24,8,5,4,6,6,6,85.9,Fake
1564,52,65,72,79,4,0,0,3,2,2,35.25,Suspicious
2522,83,94,93,88,0,0,1,0,1,0,7.07,Genuine
255,86,85,94,99,1,1,1,1,0,1,8.5,Genuine
4770,82,93,89,90,0,1,0,1,1,1,16.66,Genuine
3630,95,89,94,88,0,1,0,0,0,1,5.83,Genuine
1848,48,14,19,15,9,4,4,4,6,7,93.24,Fake
1807,87,88,96,87,0,0,1,0,0,0,13.13,Genuine
3976,97,82,86,85,0,0,0,1,1,0,8.07,Genuine
3751,30,10,53,15,9,3,3,3,3,3,76.77,Fake
4788,97,93,93,88,1,1,1,0,1,0,6.18,Genuine
155,71,45,50,50,3,0,3,2,2,1,43.12,Suspicious
4733,56,53,50,45,2,1,3,3,3,2,46.31,Suspicious
1560,95,87,89,99,1,0,0,0,1,0,16.71,Genuine
2700,76,59,78,60,1,3,2,3,1,1,32.9,Suspicious
2379,58,33,41,44,9,6,6,6,4,5,91.98,Fake
450,14,22,30,60,6,5,2,7,5,4,77.24,Fake
181,60,32,53,34,6,6,5,7,3,8,80.4,Fake
1266,32,22,19,25,8,4,3,6,4,6,88.17,Fake
706,89,86,86,88,0,0,1,1,0,1,20.53,Genuine
4634,83,97,84,100,0,1,0,0,0,0,10.38,Genuine
2674,33,29,54,26,4,6,2,5,5,9,69.56,Fake
3446,17,27,36,27,4,2,6,7,7,6,81.3,Fake
663,31,55,43,29,7,7,4,4,6,9,84.41,Fake
2686,94,97,82,86,1,1,1,0,0,1,12.99,Genuine
436,92,98,91,85,1,0,1,1,1,1,11.25,Genuine
2161,74,66,69,50,1,1,2,2,2,1,30.96,Suspicious
3721,38,38,32,35,7,5,7,3,7,3,73.01,Fake
1294,97,85,99,92,1,1,0,1,0,0,5.96,Genuine
1829,59,43,74,54,3,3,3,4,2,1,44.3,Suspicious
336,90,100,93,99,1,1,1,0,1,0,8.85,Genuine
4358,46,77,48,49,1,0,1,1,2,3,33.51,Suspicious
3660,63,53,76,53,4,0,1,4,1,3,44.33,Suspicious
2884,36,23,50,53,8,5,7,6,5,5,90.29,Fake
429,56,35,49,51,5,4,5,3,2,7,69.52,Fake
260,57,75,74,48,3,0,2,4,1,2,34.94,Suspicious
824,90,99,80,93,1,0,0,0,1,0,4.64,Genuine
4998,45,74,68,47,3,0,3,2,2,3,41.44,Suspicious
4866,42,37,56,17,4,4,7,5,5,6,76.91,Fake
2863,88,96,81,93,1,1,0,0,0,0,15.87,Genuine
4472,54,37,13,57,7,6,2,6,4,9,81.91,Fake
4525,64,47,51,47,1,3,0,4,3,3,43.49,Suspicious
4775,13,33,53,54,3,3,5,5,7,9,66.99,Fake
3641,70,69,55,73,3,3,0,2,1,3,44.58,Suspicious
231,78,69,77,60,1,1,2,2,1,1,32.09,Suspicious
4470,39,29,41,51,3,6,3,3,7,9,71.75,Fake
4706,66,55,59,46,2,0,1,3,3,1,29.18,Suspicious
4103,11,35,50,51,5,2,2,4,7,5,66.11,Fake
1312,94,90,82,98,1,1,1,0,1,0,12.29,Genuine
704,37,45,34,16,4,6,5,7,3,4,68.23,Fake
102,33,52,31,23,8,3,5,7,4,4,75.13,Fake
146,93,87,94,88,0,1,1,0,1,1,15.07,Genuine
143,41,22,60,25,3,3,4,4,6,6,65.79,Fake
4201,69,75,68,75,2,2,1,1,2,3,29.01,Suspicious
2772,79,57,80,73,2,3,3,2,2,2,35.08,Suspicious
3442,100,89,80,95,0,0,0,1,0,0,3.59,Genuine
408,76,71,72,57,4,3,2,2,3,3,38.02,Suspicious
988,54,44,50,46,4,3,2,2,3,2,50.09,Suspicious
4519,33,31,48,50,4,5,5,6,3,7,74.17,Fake
1776,87,85,99,98,1,1,1,0,1,0,7.62,Genuine
2623,52,73,52,73,1,0,0,2,1,1,25.46,Suspicious
2278,87,96,100,93,1,0,0,0,0,0,4.33,Genuine
4534,46,49,57,44,9,5,2,7,5,8,75.4,Fake
3148,96,96,83,98,0,0,1,1,1,0,8.13,Genuine
4087,25,33,14,50,4,6,5,7,6,9,77.31,Fake
3844,30,42,26,38,7,3,3,6,6,5,75.86,Fake
3884,83,81,83,88,1,1,0,1,1,1,22.49,Genuine
2840,83,98,100,97,0,0,1,1,1,1,1.93,Genuine
234,64,51,64,64,4,1,2,2,3,2,46.35,Suspicious
3458,52,22,37,18,8,2,7,5,4,3,72.84,Fake
3201,56,33,13,50,5,6,7,5,7,9,80.73,Fake
2949,100,88,88,94,0,0,1,0,1,1,8.2,Genuine
4594,89,92,84,92,0,0,1,0,0,1,9.42,Genuine
1728,65,55,50,47,1,2,0,1,2,2,39.64,Suspicious
4250,88,100,86,94,0,0,1,1,1,1,19.1,Genuine
4910,75,52,64,79,3,1,0,2,3,3,29.25,Suspicious
949,76,59,58,48,4,3,2,1,2,2,44.09,Suspicious
814,53,57,31,49,3,5,7,6,5,7,71.61,Fake
2529,90,85,100,89,1,1,1,1,0,1,10.28,Genuine
4076,74,74,69,61,4,1,2,2,2,2,31.75,Suspicious
3277,85,87,88,86,1,1,0,1,0,1,15.53,Genuine
101,64,53,77,54,4,3,3,2,3,1,43.07,Suspicious
2883,98,84,84,91,0,1,1,1,0,0,15.98,Genuine
2213,54,56,74,65,4,0,0,1,3,1,26.67,Suspicious
2903,77,61,47,67,1,0,2,4,1,1,30.01,Suspicious
776,12,51,57,11,3,2,5,5,2,4,68.17,Fake
3555,63,56,60,74,4,1,3,4,3,1,32.37,Suspicious
2345,29,25,37,38,4,3,3,3,3,7,78.12,Fake
990,49,53,43,58,8,7,7,3,3,4,76.61,Fake
3708,85,87,89,92,0,0,0,1,0,1,13.19,Genuine
4334,17,36,36,43,7,7,2,6,2,7,87.11,Fake
1734,28,45,12,47,3,3,2,3,3,8,80.16,Fake
1529,17,58,51,36,9,4,2,7,5,6,81.77,Fake
697,22,42,40,34,4,7,4,6,3,9,85.68,Fake
362,82,80,96,87,1,0,0,0,1,1,10.34,Genuine
3959,66,78,70,47,2,0,2,3,3,1,28.55,Suspicious
1111,46,36,59,57,4,7,7,6,6,8,72.62,Fake
4924,31,37,28,52,5,6,5,3,3,4,78.58,Fake
4638,97,83,90,89,0,1,1,0,0,0,11.28,Genuine
1163,67,73,51,55,3,3,0,4,1,2,41.34,Suspicious
324,80,100,93,88,0,0,0,0,1,0,7.72,Genuine
4576,67,55,45,56,4,1,0,1,2,1,27.41,Suspicious
4995,59,31,16,39,4,7,2,6,5,7,76.07,Fake
2994,69,56,54,69,2,3,1,4,1,2,41.39,Suspicious
2643,21,18,19,57,4,2,7,4,4,5,77.38,Fake
684,45,64,80,61,1,2,3,2,3,3,37.82,Suspicious
3146,93,84,88,92,0,1,1,0,0,1,22.09,Genuine
4655,92,98,99,88,1,1,0,1,0,0,9.64,Genuine
2118,63,69,58,57,4,1,2,1,1,1,40.86,Suspicious
3570,65,75,53,52,4,1,3,4,2,3,45.91,Suspicious
1284,100,86,92,86,0,1,1,0,0,1,15.35,Genuine
2413,73,75,57,53,3,0,2,3,1,1,32.94,Suspicious
1357,47,13,20,30,8,3,4,5,7,6,86.59,Fake
466,28,35,33,18,7,6,6,6,6,7,85.26,Fake
3965,100,92,91,88,1,0,1,1,0,0,9.54,Genuine
1614,99,89,97,98,1,1,1,1,1,1,12.92,Genuine
2563,63,72,67,46,4,0,1,3,3,1,36.6,Suspicious
3946,83,96,81,89,1,0,1,1,1,1,15.77,Genuine
4762,22,54,25,17,5,7,3,3,5,3,64.82,Fake
4799,37,28,29,53,9,7,2,3,4,7,83.46,Fake
513,43,41,44,24,8,7,6,7,2,6,87.61,Fake
1330,80,93,90,96,0,1,0,1,0,0,10.15,Genuine
1904,52,68,79,58,4,2,3,1,3,3,48.85,Suspicious
2715,95,81,97,94,1,1,0,0,1,1,14.35,Genuine
2242,13,38,13,10,6,3,7,7,7,3,76.36,Fake
3690,98,88,99,85,0,1,0,1,0,0,12.71,Genuine
493,80,90,87,100,0,0,0,1,0,0,9.08,Genuine
3993,69,51,45,66,4,0,2,1,1,1,38.1,Suspicious
529,99,94,100,89,1,1,1,1,0,0,8.88,Genuine
2730,47,40,50,51,3,1,2,4,2,3,48.81,Suspicious
4866,50,58,14,53,4,4,2,3,2,8,72.11,Fake
2909,54,32,30,15,6,5,2,4,5,5,74.36,Fake
4232,53,48,50,15,8,6,3,5,5,4,72.22,Fake
3339,36,15,24,51,9,7,6,3,6,7,87.18,Fake
3112,56,57,67,64,2,0,1,2,2,2,28.45,Suspicious
2910,87,91,90,90,1,0,0,0,1,1,17.46,Genuine
3293,49,73,55,47,2,1,0,3,2,2,35.39,Suspicious
3455,97,91,93,89,0,1,1,1,1,1,12.38,Genuine
339,55,50,27,47,9,4,6,6,7,6,80.7,Fake
2544,94,89,99,87,1,1,0,1,0,0,17.09,Genuine
113,83,85,95,99,1,0,1,0,0,0,11.08,Genuine
4726,84,87,98,86,0,0,1,1,0,1,14.8,Genuine
4110,68,58,67,75,1,0,3,1,3,2,33.51,Suspicious
4254,48,58,61,52,1,3,3,4,3,2,45.08,Suspicious
897,80,88,91,86,0,0,1,1,0,0,10.14,Genuine
3194,40,33,24,21,6,5,3,7,6,3,70.38,Fake
1206,47,74,77,68,3,1,3,1,1,1,32.54,Suspicious
3754,12,10,24,59,6,4,6,5,7,6,84.62,Fake
2226,91,89,93,94,1,1,0,0,0,1,13.43,Genuine
436,54,36,19,27,9,2,7,3,5,4,74.82,Fake
4357,11,56,59,57,7,5,3,4,6,6,73.78,Fake
4201,85,86,91,87,1,1,0,0,1,0,10.42,Genuine
1151,77,65,61,52,2,0,2,4,3,3,39.01,Suspicious
3294,87,90,90,100,0,0,0,0,0,0,3.15,Genuine
422,87,91,81,91,0,1,1,1,0,1,10.58,Genuine
3798,42,44,56,26,4,2,7,3,4,4,66.35,Fake
3300,58,33,17,36,9,6,6,5,4,5,88.43,Fake
223,55,34,30,33,3,3,6,3,4,6,69.12,Fake
853,41,22,29,45,5,5,6,4,2,7,76.24,Fake
2246,80,94,87,95,1,0,0,0,0,0,13.57,Genuine
4891,73,47,69,61,1,1,0,4,1,2,31.83,Suspicious
712,45,26,58,13,7,6,2,5,7,4,70.09,Fake
3881,69,63,71,66,4,0,0,1,1,2,35.64,Suspicious
1525,93,95,85,86,0,0,0,1,1,1,18.25,Genuine
130,44,59,49,21,7,7,6,5,5,3,79.25,Fake
2657,76,44,56,58,4,3,2,1,3,3,49.66,Suspicious
879,88,97,89,92,1,0,1,1,0,1,17.83,Genuine
2632,54,56,60,64,1,0,0,2,3,3,37.03,Suspicious
3203,68,78,68,57,2,0,1,1,3,3,30.82,Suspicious
1690,97,87,88,92,0,1,1,0,0,1,7.96,Genuine
2213,84,82,100,89,1,1,0,1,1,1,18.12,Genuine
4685,92,100,90,91,0,1,1,1,1,0,8.7,Genuine
470,75,79,61,76,4,0,2,4,3,2,38.35,Suspicious
1493,80,61,70,51,3,3,1,2,3,2,36.1,Suspicious
4675,61,71,58,61,4,0,1,1,1,3,44.45,Suspicious
694,74,78,64,45,3,2,1,1,2,1,31.67,Suspicious
4002,94,89,89,87,1,1,0,1,0,0,10.63,Genuine
1116,93,88,98,90,0,1,1,0,1,1,12.61,Genuine
1116,80,82,97,98,0,1,0,0,1,1,9.01,Genuine
2808,40,53,28,54,8,6,3,6,5,4,69.71,Fake
1266,55,32,22,25,8,7,2,3,4,3,70.92,Fake
2306,22,21,16,10,3,5,7,5,4,4,82.47,Fake
4095,27,54,58,33,8,7,3,6,2,8,79.69,Fake
4388,57,57,43,50,5,3,2,7,4,4,59.55,Fake
2848,88,90,95,97,0,1,1,1,1,1,19.66,Genuine
3121,32,21,58,36,8,7,2,4,7,5,80.34,Fake
1501,15,51,21,60,8,7,4,4,2,9,82.12,Fake
1456,26,23,60,19,6,6,6,6,7,9,85.65,Fake
1422,55,45,58,56,6,7,4,4,6,9,76.8,Fake
3824,67,41,51,78,4,0,2,4,3,3,46.94,Suspicious
982,35,44,33,60,6,6,2,5,4,4,71.01,Fake
2360,67,50,75,50,3,0,2,4,2,2,38.96,Suspicious
2287,70,47,60,47,4,0,3,2,2,3,48.72,Suspicious
3784,72,55,53,59,2,3,1,4,2,3,42.15,Suspicious
4644,16,50,59,53,8,7,4,4,7,8,80.6,Fake
500,90,87,91,90,0,0,1,0,1,1,12.24,Genuine
3439,97,92,90,97,1,1,0,0,0,0,14.59,Genuine
2473,95,91,87,94,1,1,0,1,1,1,16.42,Genuine
3827,67,72,52,56,2,3,1,3,1,2,41.75,Suspicious
782,84,100,92,95,0,0,1,1,0,0,7.0,Genuine
2556,45,18,24,54,6,3,5,5,4,3,70.58,Fake
1521,15,27,49,30,9,4,3,3,4,6,84.73,Fake
2553,36,50,29,49,8,3,6,4,7,6,82.96,Fake
3413,83,97,96,91,1,1,0,1,1,0,12.61,Genuine
1773,35,53,21,27,3,2,6,3,6,5,67.48,Fake
3237,45,67,65,63,3,1,2,2,2,1,35.99,Suspicious
4960,87,94,88,99,0,1,0,0,0,1,10.71,Genuine
2061,68,69,60,71,1,2,0,3,3,2,27.71,Suspicious
431,58,29,56,54,3,3,3,7,6,5,62.39,Fake
4305,39,13,41,19,5,6,2,7,6,5,76.1,Fake
1639,97,88,84,97,1,0,0,1,0,0,11.32,Genuine
1785,48,46,56,57,2,3,3,2,2,3,53.85,Suspicious
1069,99,98,94,100,0,0,0,1,0,1,9.28,Genuine
3722,51,59,61,47,3,1,3,4,2,2,39.79,Suspicious
138,89,97,91,87,0,1,0,0,1,1,14.39,Genuine
3361,87,96,94,85,1,0,1,0,0,0,11.78,Genuine
1805,84,86,85,98,1,1,0,1,0,0,14.48,Genuine
1744,64,71,77,75,3,1,0,1,3,3,37.04,Suspicious
4469,59,42,46,79,3,0,2,4,1,1,35.69,Suspicious
2312,88,88,80,92,1,1,0,0,1,0,12.33,Genuine
4535,94,87,83,85,1,0,0,1,1,1,12.96,Genuine
639,45,57,18,40,6,3,5,5,5,3,72.21,Fake
175,69,52,78,51,4,1,0,2,2,3,34.74,Suspicious
4715,89,83,100,96,1,0,0,1,1,1,18.62,Genuine
2171,72,61,50,69,2,1,2,1,1,3,42.29,Suspicious
4148,91,93,92,98,0,0,1,1,0,0,8.75,Genuine
3906,81,98,95,90,1,1,1,0,0,0,14.07,Genuine
3165,96,88,85,96,1,1,0,1,0,1,11.16,Genuine
4142,98,90,81,95,1,0,0,0,1,0,7.08,Genuine
1403,59,64,62,74,1,3,0,4,1,1,29.97,Suspicious
1142,92,96,88,91,0,1,0,1,0,0,1.61,Genuine
1134,51,46,37,25,6,3,6,5,5,7,82.88,Fake
4521,29,57,57,57,8,7,3,6,6,9,81.06,Fake
4102,57,31,58,28,8,7,2,4,4,9,79.79,Fake
3482,46,46,12,44,6,5,5,6,7,4,72.13,Fake
2687,23,29,27,19,3,3,2,7,7,3,65.31,Fake
1368,51,37,25,24,8,7,7,5,5,9,84.44,Fake
3296,52,75,53,65,3,0,2,1,1,2,34.81,Suspicious
3095,51,13,46,16,5,4,2,5,2,3,68.09,Fake
2188,16,55,31,27,7,4,3,4,2,3,68.88,Fake
3284,53,41,59,26,5,2,6,5,6,6,76.27,Fake
4100,12,39,41,24,8,4,3,4,5,4,84.57,Fake
2164,88,90,83,86,0,0,1,1,0,0,14.3,Genuine
3035,82,83,97,92,0,1,1,1,0,1,18.83,Genuine
1471,56,43,58,32,8,6,5,7,6,7,80.27,Fake
4325,94,89,96,93,1,1,0,1,0,0,12.04,Genuine
1718,28,30,44,24,8,6,6,4,2,4,80.16,Fake
120,43,33,26,40,9,2,5,7,7,9,85.28,Fake
4941,51,78,60,53,3,2,0,2,2,2,40.75,Suspicious
3875,80,81,96,90,1,0,0,0,1,1,12.54,Genuine
4958,37,21,42,25,4,5,2,4,2,7,77.91,Fake
3350,99,93,93,93,1,0,0,1,0,0,10.39,Genuine
3936,96,82,82,97,0,0,1,0,0,1,12.28,Genuine
4987,94,98,81,88,0,1,0,1,0,1,7.84,Genuine
4765,53,42,51,38,7,4,4,6,5,9,83.17,Fake
740,80,64,56,75,2,3,1,2,2,1,32.65,Suspicious
458,50,52,65,76,3,1,0,3,2,2,36.59,Suspicious
924,81,97,90,95,0,0,1,1,0,1,24.08,Genuine
919,20,17,29,41,3,7,5,5,3,8,75.1,Fake
632,45,55,74,67,3,3,1,1,1,1,39.41,Suspicious
4910,37,18,21,34,7,6,4,5,7,5,79.4,Fake
2221,77,67,69,80,1,3,0,2,3,1,25.46,Suspicious
4624,96,83,91,92,0,1,0,0,1,1,15.33,Genuine
3510,92,90,81,97,0,0,1,1,1,1,12.53,Genuine
3873,96,85,95,86,0,1,0,0,1,0,9.51,Genuine
2271,51,44,52,76,3,1,1,2,2,2,39.31,Suspicious
2608,57,61,79,63,1,2,2,4,3,2,38.65,Suspicious
1321,25,42,15,54,3,6,6,5,5,4,72.19,Fake
3789,80,71,45,60,3,3,2,2,3,3,42.55,Suspicious
3235,96,91,91,87,0,0,0,0,1,1,9.58,Genuine
2906,16,13,48,57,8,3,7,6,5,9,85.6,Fake
442,94,95,80,99,0,1,0,0,0,1,15.14,Genuine
2204,34,60,59,13,5,4,5,5,3,4,70.56,Fake
4942,49,66,54,58,4,0,1,2,2,1,34.61,Suspicious
101,65,45,74,54,3,0,1,1,3,2,33.41,Suspicious
420,62,65,60,66,2,2,2,3,3,3,41.38,Suspicious
1652,79,44,79,71,1,1,0,4,1,1,28.2,Suspicious
743,43,36,19,39,7,5,6,4,6,7,82.82,Fake
3404,39,46,32,48,7,4,6,6,6,9,83.73,Fake
854,32,48,13,35,8,7,6,4,3,6,82.14,Fake
2231,46,56,17,46,7,2,2,7,7,9,78.31,Fake
1621,83,86,92,94,1,1,0,0,1,1,16.13,Genuine
153,54,17,56,40,7,6,6,7,2,9,87.11,Fake
853,59,74,72,58,4,0,3,2,1,1,38.85,Suspicious
4694,76,46,76,69,1,2,2,2,3,3,36.69,Suspicious
414,92,96,94,93,1,0,0,0,0,1,7.43,Genuine
4260,28,15,39,37,6,6,3,6,4,3,73.62,Fake
3557,58,76,66,78,3,3,0,3,2,1,35.47,Suspicious
3115,49,58,65,49,2,3,1,1,1,1,35.69,Suspicious
2820,93,87,89,97,1,1,0,1,1,0,11.92,Genuine
2166,90,85,84,88,1,0,1,0,0,0,11.85,Genuine
2375,48,59,29,37,8,5,2,7,2,9,86.71,Fake
619,99,95,100,95,1,0,0,0,0,0,6.84,Genuine
3928,22,43,30,43,4,4,5,5,7,4,71.05,Fake
1266,80,83,90,91,0,1,0,0,1,0,9.77,Genuine
597,63,45,72,45,3,3,3,3,2,3,50.66,Suspicious
452,17,58,17,46,6,3,2,7,7,8,84.4,Fake
3897,99,86,90,89,0,1,1,0,0,1,15.95,Genuine
726,51,57,51,45,4,2,4,5,6,9,66.86,Fake
2034,79,77,68,55,1,0,2,3,3,1,30.41,Suspicious
3871,86,87,86,89,0,0,1,1,0,0,8.42,Genuine
781,79,60,69,72,3,2,3,1,3,1,40.9,Suspicious
3137,84,84,85,98,1,0,1,0,0,1,25.1,Genuine
1167,83,97,81,85,0,1,1,0,1,0,14.06,Genuine
2254,83,96,99,88,0,1,0,1,1,1,8.18,Genuine
3873,88,87,86,85,0,0,0,1,0,1,7.82,Genuine
3915,41,12,58,11,8,5,3,5,6,6,83.61,Fake
2989,10,48,43,48,5,6,2,7,4,3,65.37,Fake
3166,46,75,50,80,2,0,1,1,2,2,33.82,Suspicious
3306,15,11,12,16,6,2,2,3,4,7,83.39,Fake
1094,75,63,57,69,1,0,0,1,3,3,33.72,Suspicious
4710,78,72,70,64,3,3,3,1,2,3,38.38,Suspicious
1296,48,17,34,22,5,7,7,6,6,8,85.66,Fake
2211,99,85,88,95,0,0,0,0,1,0,0.36,Genuine
1893,95,94,100,86,0,1,0,1,0,0,8.81,Genuine
3169,77,43,70,52,4,0,0,3,1,1,27.63,Suspicious
3051,97,91,88,89,1,1,0,1,1,1,15.07,Genuine
714,90,94,87,90,0,0,1,0,1,0,8.94,Genuine
1413,96,81,97,100,1,1,1,0,1,0,7.0,Genuine
2939,56,59,48,30,5,2,2,5,4,4,61.47,Fake
369,100,86,84,91,0,0,0,1,0,1,10.54,Genuine
4281,87,88,95,87,1,0,1,1,1,0,11.98,Genuine
2574,22,26,48,33,5,7,5,7,4,9,83.02,Fake
3465,92,91,80,87,0,1,1,0,0,0,13.25,Genuine
3961,89,89,83,92,1,1,1,1,1,1,18.39,Genuine
1644,76,67,65,57,3,3,2,2,2,3,39.74,Suspicious
802,21,18,11,17,4,4,5,7,5,4,79.19,Fake
3338,69,61,78,64,4,0,2,1,3,3,40.37,Suspicious
1777,47,50,37,16,4,2,5,3,5,6,69.1,Fake
3414,34,44,35,22,5,3,6,6,4,9,79.97,Fake
3814,94,88,89,88,0,0,0,0,0,0,5.29,Genuine
1623,62,49,61,51,3,2,2,1,3,1,38.78,Suspicious
1545,71,64,65,58,4,0,3,4,1,3,45.82,Suspicious
4589,16,30,53,15,9,5,6,7,2,9,90.66,Fake
1396,16,38,18,44,6,6,6,4,6,7,81.05,Fake
4875,10,52,59,51,9,3,7,6,2,5,77.84,Fake
4446,49,47,47,10,4,4,5,4,7,7,82.63,Fake
570,16,20,23,51,5,4,6,4,6,6,84.0,Fake
188,52,41,50,75,2,1,3,1,2,2,45.37,Suspicious
4817,44,53,50,16,3,6,3,7,6,6,76.76,Fake
4754,93,82,90,85,0,1,0,1,1,0,9.42,Genuine
4402,62,59,69,57,4,2,1,1,1,2,36.91,Suspicious
2692,23,28,38,31,8,6,3,6,5,9,87.31,Fake
793,82,86,96,87,1,1,0,0,1,0,12.59,Genuine
100,55,39,49,27,5,3,7,6,2,6,80.15,Fake
983,82,94,95,88,1,1,1,1,0,0,12.98,Genuine
416,69,66,51,80,4,0,2,3,2,2,40.59,Suspicious
2007,46,70,69,48,3,2,0,4,2,2,36.72,Suspicious
3010,81,94,80,94,1,1,0,1,1,1,18.06,Genuine
1812,79,43,53,66,1,0,0,1,1,1,29.05,Suspicious
172,47,33,14,43,8,7,4,3,2,6,86.21,Fake
951,71,47,78,62,3,3,0,4,2,3,42.54,Suspicious
2503,45,55,69,62,4,2,3,1,3,2,53.5,Suspicious
3363,23,46,50,39,8,4,2,3,6,9,77.22,Fake
1502,91,93,92,97,1,1,1,0,1,1,10.16,Genuine
4141,90,97,92,88,1,1,1,0,1,0,11.42,Genuine
3935,53,57,32,15,3,6,3,4,2,8,71.97,Fake
1009,83,92,94,92,1,0,0,0,0,0,12.97,Genuine
3197,68,76,48,72,4,0,3,4,1,1,39.41,Suspicious
1859,96,91,96,97,0,0,0,1,0,0,1.85,Genuine
238,82,88,96,85,1,1,1,0,1,0,14.8,Genuine
3012,94,98,90,99,1,0,0,0,0,1,9.02,Genuine
4948,90,83,87,93,1,0,1,1,1,1,12.42,Genuine
4994,85,93,83,96,0,0,1,0,0,0,14.33,Genuine
3246,63,63,51,53,2,2,1,2,3,1,33.51,Suspicious
4731,79,43,72,57,2,1,1,3,3,1,27.36,Suspicious
4948,89,81,83,92,1,0,1,0,0,0,13.41,Genuine
680,42,47,48,15,4,2,5,7,4,4,63.65,Fake
1564,26,13,25,39,6,6,3,6,3,7,84.43,Fake
670,77,71,68,71,4,3,2,1,2,1,42.61,Suspicious
2838,94,82,86,92,1,1,1,1,0,1,16.25,Genuine
2275,62,58,80,77,1,1,2,4,2,3,40.0,Suspicious
2285,80,68,48,64,1,1,2,2,1,2,25.29,Suspicious
2790,25,40,22,39,7,5,4,3,6,6,83.21,Fake
4772,30,13,42,56,8,4,4,7,5,9,84.36,Fake
1641,42,30,33,49,7,3,6,3,3,8,83.66,Fake
487,50,28,37,14,7,2,7,6,5,8,81.03,Fake
1066,95,80,91,86,0,0,0,0,1,1,12.4,Genuine
1872,52,44,48,56,2,3,2,2,1,1,44.93,Suspicious
2279,79,56,80,72,2,2,2,3,2,2,33.15,Suspicious
4433,73,58,77,80,2,1,2,2,1,3,35.47,Suspicious
969,52,49,52,27,9,5,7,6,3,6,87.0,Fake
902,72,57,63,76,2,1,3,1,3,1,37.06,Suspicious
4386,20,54,12,47,9,3,4,6,6,8,91.26,Fake
2357,83,92,95,95,0,1,1,0,0,1,12.73,Genuine
4226,58,53,40,17,3,2,7,6,4,3,64.16,Fake
4422,45,66,53,51,1,0,1,2,3,2,40.54,Suspicious
1257,55,58,54,60,1,0,1,3,3,2,37.52,Suspicious
4687,16,45,44,24,5,6,7,4,4,5,83.25,Fake
2152,92,100,94,96,0,0,1,1,0,1,10.37,Genuine
1434,80,64,64,61,3,0,3,4,1,1,30.65,Suspicious
3591,50,49,43,48,6,3,3,5,2,4,60.61,Fake
3655,93,96,88,96,0,1,0,1,0,1,13.65,Genuine
2907,52,60,45,52,1,3,1,1,3,2,40.24,Suspicious
1332,48,78,78,66,1,1,2,4,2,3,39.18,Suspicious
4498,62,57,68,46,4,3,1,3,2,3,40.69,Suspicious
838,31,11,40,20,6,7,7,7,7,4,85.55,Fake
356,49,60,23,48,9,7,7,6,2,7,82.25,Fake
3029,47,59,49,50,1,0,1,4,1,2,33.76,Suspicious
2150,86,95,98,99,0,0,1,0,1,0,5.92,Genuine
4348,99,92,90,99,1,0,0,1,0,0,12.47,Genuine
624,94,86,83,93,1,0,1,1,1,0,17.19,Genuine
577,48,50,76,51,2,1,2,4,2,1,35.37,Suspicious
3424,70,62,62,75,4,1,3,1,2,1,40.04,Suspicious
4637,92,94,97,91,0,1,1,0,1,0,8.42,Genuine
1939,68,67,65,77,4,2,1,1,2,1,33.87,Suspicious
1095,80,81,89,94,1,0,1,0,1,1,16.02,Genuine
1380,55,51,54,76,4,3,1,4,1,2,41.82,Suspicious
4847,19,26,60,51,8,5,3,5,5,8,83.39,Fake
2365,65,44,51,56,2,2,0,2,1,3,43.53,Suspicious
1808,94,84,91,88,1,1,0,0,1,0,18.69,Genuine
4285,81,85,99,89,0,0,1,0,1,1,9.74,Genuine
447,47,29,44,56,3,4,3,5,2,3,64.05,Fake
1003,52,14,25,24,4,7,3,5,3,8,76.83,Fake
1037,45,56,51,29,3,5,7,4,5,3,68.85,Fake
2779,71,70,59,45,3,2,0,1,1,3,45.04,Suspicious
2216,41,30,53,53,3,4,3,3,3,9,69.21,Fake
780,53,66,63,69,4,3,1,1,3,1,38.81,Suspicious
4272,53,62,51,75,4,2,0,3,1,2,38.12,Suspicious
3051,22,54,12,26,5,6,6,4,5,5,78.92,Fake
2128,57,31,43,25,6,3,7,7,5,9,81.24,Fake
794,47,40,77,63,4,1,1,1,3,3,44.07,Suspicious
3333,93,87,82,96,0,1,1,0,1,0,9.66,Genuine
2009,80,99,90,85,0,1,0,1,0,0,11.29,Genuine
362,54,46,54,56,1,0,3,3,2,3,39.5,Suspicious
359,48,13,34,41,8,6,6,3,2,7,84.76,Fake
861,67,77,50,66,1,1,0,1,2,2,35.9,Suspicious
175,96,81,93,90,1,0,1,0,1,0,18.55,Genuine
1099,58,44,23,48,3,4,4,4,3,3,56.64,Fake
1912,85,91,91,88,1,1,0,1,1,0,16.24,Genuine
4110,73,54,74,45,1,0,2,2,2,2,28.59,Suspicious
3701,25,54,26,45,5,5,4,3,4,6,70.33,Fake
2069,68,55,72,79,2,1,2,2,1,1,32.68,Suspicious
2372,100,100,92,96,1,1,1,1,0,0,8.54,Genuine
3446,32,45,57,22,7,7,2,5,4,7,84.98,Fake
564,82,81,84,92,0,1,1,0,1,0,13.83,Genuine
4208,62,77,50,72,4,0,0,3,3,3,41.2,Suspicious
1007,16,53,44,21,3,2,5,3,7,3,65.57,Fake
1307,35,12,34,26,7,7,6,4,3,4,85.21,Fake
1136,23,48,35,53,6,5,6,3,4,9,73.58,Fake
1105,94,80,87,91,1,1,1,1,1,1,21.11,Genuine
3059,13,21,46,46,5,5,7,5,7,7,79.37,Fake
3730,97,86,95,92,1,1,0,0,1,1,10.32,Genuine
3716,37,60,25,55,6,7,7,6,7,6,77.16,Fake
1425,14,39,41,17,4,7,5,3,2,3,66.38,Fake
3200,54,42,15,33,5,5,2,5,4,3,70.39,Fake
2673,19,19,19,46,6,2,2,3,4,8,82.49,Fake
2996,31,53,43,18,3,7,7,4,4,4,80.71,Fake
4712,86,96,89,93,0,1,0,0,1,0,14.4,Genuine
3837,94,100,83,90,0,1,0,1,0,1,12.53,Genuine
3091,85,83,86,94,0,1,0,0,1,1,17.28,Genuine
155,15,15,37,47,3,7,6,7,2,5,82.42,Fake
639,93,97,84,96,0,0,1,1,0,1,5.42,Genuine
3415,58,49,55,75,2,1,0,1,2,2,39.89,Suspicious
545,96,86,91,93,0,0,1,0,1,1,19.14,Genuine
3445,32,57,58,33,9,4,5,6,6,3,71.3,Fake
764,95,81,88,95,1,1,1,1,0,0,14.49,Genuine
2573,42,15,16,28,6,2,4,7,3,6,81.03,Fake
4229,59,15,35,20,4,2,3,7,3,7,78.13,Fake
3029,61,42,75,65,1,0,1,3,2,1,30.14,Suspicious
1120,54,29,30,35,3,2,4,3,5,6,69.14,Fake
4304,47,35,39,18,3,4,7,4,2,4,66.84,Fake
848,90,81,97,96,0,0,0,0,1,1,14.07,Genuine
2004,81,99,87,90,1,1,1,0,0,0,19.31,Genuine
2569,79,60,75,80,3,3,3,3,3,2,40.71,Suspicious
2818,42,46,43,29,5,4,3,7,7,4,69.22,Fake
4873,84,97,89,94,1,0,1,1,0,1,9.46,Genuine
2174,76,49,71,56,2,3,1,4,2,1,29.72,Suspicious
2344,47,41,80,52,1,1,1,4,2,2,38.21,Suspicious
2559,25,34,51,16,5,6,4,4,7,4,73.48,Fake
2253,76,41,54,71,1,2,2,1,1,3,43.57,Suspicious
4010,43,43,44,41,7,5,2,4,6,5,72.52,Fake
4578,61,45,57,66,3,3,2,1,1,1,43.18,Suspicious
4135,93,92,84,98,1,0,1,1,0,1,13.59,Genuine
2537,46,66,76,56,1,1,2,4,1,1,33.89,Suspicious
3119,67,54,50,77,3,2,2,1,1,1,38.76,Suspicious
4812,59,57,59,63,4,2,1,1,1,1,42.56,Suspicious
179,57,46,55,54,1,2,1,3,3,1,40.35,Suspicious
3520,26,11,40,26,8,2,7,4,6,5,82.96,Fake
3650,89,83,89,96,1,1,0,0,0,0,9.57,Genuine
2975,48,65,55,47,4,0,0,2,2,2,38.52,Suspicious
3256,75,43,61,70,4,2,0,4,2,2,41.58,Suspicious
532,99,95,99,97,1,1,0,0,1,0,9.71,Genuine
2833,91,93,88,100,0,1,1,0,0,0,5.17,Genuine
4213,84,92,94,93,1,0,1,1,1,1,11.84,Genuine
4476,37,27,23,52,8,7,6,5,3,3,84.16,Fake
431,89,86,96,98,0,1,0,1,1,0,10.4,Genuine
1478,35,54,39,31,8,7,7,6,4,8,77.85,Fake
1520,76,55,61,55,4,3,0,3,2,3,43.59,Suspicious
555,54,50,73,60,4,0,0,4,1,2,43.0,Suspicious
926,20,28,15,51,8,2,7,7,3,8,88.61,Fake
375,89,97,82,97,0,0,1,1,1,0,10.23,Genuine
3867,83,93,93,96,0,0,1,1,1,0,5.08,Genuine
4926,90,95,81,93,1,1,0,1,0,1,16.31,Genuine
4901,65,77,63,54,2,0,3,3,1,2,31.21,Suspicious
1286,62,62,63,51,3,3,3,2,3,3,42.19,Suspicious
2260,86,98,86,99,1,1,0,0,0,0,11.94,Genuine
455,84,83,97,92,0,1,1,0,1,0,6.43,Genuine
1846,94,82,87,88,1,0,1,1,1,1,11.98,Genuine
1327,87,87,91,85,0,0,1,0,1,0,9.08,Genuine
3897,72,50,76,65,3,3,3,4,2,3,50.02,Suspicious
292,59,50,17,52,5,6,3,7,7,9,78.94,Fake
2955,79,60,54,60,3,3,2,4,3,1,40.67,Suspicious
2254,73,54,64,74,3,1,1,3,2,3,35.7,Suspicious
3653,56,27,14,16,9,4,4,4,4,3,74.63,Fake
782,93,88,85,98,0,0,0,0,1,1,7.65,Genuine
2084,82,85,98,95,1,0,1,0,0,1,18.2,Genuine
4210,74,58,68,59,3,3,3,1,3,2,42.43,Suspicious
4717,39,32,51,53,8,7,3,7,6,8,88.02,Fake
1842,68,42,46,79,1,0,3,2,3,3,36.35,Suspicious
4825,49,12,10,33,5,4,2,3,5,9,84.69,Fake
269,38,56,32,32,6,5,6,3,4,7,76.58,Fake
1805,98,100,83,99,0,1,0,1,0,1,5.98,Genuine
633,87,83,89,88,1,1,1,1,0,1,18.82,Genuine
893,54,33,51,60,7,4,3,3,3,8,77.63,Fake
3142,80,67,63,74,2,1,2,3,2,2,29.96,Suspicious
3796,99,92,89,91,0,1,0,0,1,1,19.92,Genuine
3379,45,24,54,27,6,6,3,6,2,5,74.7,Fake
3708,32,59,58,29,4,4,7,4,7,3,63.79,Fake
1182,53,16,53,24,4,7,6,6,7,8,78.92,Fake
1742,79,45,67,64,1,3,3,2,1,1,39.56,Suspicious
4801,85,94,96,99,1,0,0,1,0,1,7.9,Genuine
4850,91,82,81,100,1,1,1,0,1,0,11.44,Genuine
557,100,91,92,89,0,0,0,1,0,0,6.19,Genuine
4166,64,73,74,61,3,1,2,4,2,1,36.52,Suspicious
4645,97,87,82,93,0,1,0,1,1,0,12.21,Genuine
3225,41,31,57,38,4,7,4,3,4,5,67.61,Fake
1784,43,34,35,12,6,2,2,4,2,5,71.43,Fake
3907,89,96,86,99,0,0,0,1,0,1,6.04,Genuine
1099,51,53,24,47,5,7,6,4,6,3,72.16,Fake
1535,49,21,39,55,7,3,3,5,3,3,69.3,Fake
3557,56,15,33,38,3,6,7,5,7,3,68.02,Fake
3134,22,57,22,11,5,4,6,5,3,3,69.69,Fake
365,93,100,97,90,1,1,1,1,1,0,16.05,Genuine
1016,96,84,93,91,0,1,0,0,0,1,11.18,Genuine
4267,60,41,69,71,3,2,3,1,2,3,44.64,Suspicious
2178,84,90,88,85,1,1,0,0,1,1,16.5,Genuine
2849,20,53,34,33,4,4,4,4,6,7,79.07,Fake
3361,37,17,38,15,8,3,3,3,4,7,82.32,Fake
1427,72,57,47,71,2,3,0,1,3,1,30.29,Suspicious
1329,65,71,76,51,2,1,0,1,2,2,25.69,Suspicious
618,58,70,49,79,3,0,2,3,2,3,39.29,Suspicious
3580,92,100,91,100,0,0,0,1,1,0,6.39,Genuine
1574,65,72,64,49,4,2,1,4,1,3,41.85,Suspicious
4099,94,93,99,88,1,0,0,1,1,0,7.58,Genuine
2934,71,41,80,56,2,2,2,1,1,3,37.27,Suspicious
3190,60,27,57,49,5,6,5,6,3,9,69.8,Fake
2816,92,87,97,93,0,0,1,1,0,1,10.21,Genuine
2725,98,85,90,100,1,1,1,0,1,0,9.1,Genuine
2363,81,99,89,100,0,1,1,0,0,0,11.63,Genuine
3806,80,100,94,87,0,1,0,1,1,0,9.52,Genuine
2654,60,58,45,78,1,2,3,1,3,2,42.74,Suspicious
4907,25,57,51,10,9,4,2,3,2,4,74.92,Fake
4820,56,22,50,43,7,7,5,3,6,3,68.58,Fake
3068,33,16,31,30,8,2,5,3,2,6,81.86,Fake
4424,26,30,32,52,4,2,2,3,6,9,75.76,Fake
3033,14,50,32,39,5,2,7,7,3,4,79.24,Fake
2633,47,48,70,70,2,2,3,4,3,3,47.16,Suspicious
3567,23,59,11,43,5,6,2,6,7,3,67.17,Fake
3521,51,49,33,23,4,6,7,3,7,4,75.06,Fake
1479,60,42,52,76,2,3,3,4,1,3,51.72,Suspicious
2703,17,41,20,57,4,2,5,3,2,5,73.3,Fake
2023,83,80,88,85,1,0,0,1,0,1,14.85,Genuine
2944,98,97,96,87,0,1,0,1,1,0,9.35,Genuine
4748,13,53,50,24,9,2,7,5,2,8,87.46,Fake
4466,50,77,46,66,4,0,2,4,1,1,37.94,Suspicious
2955,55,43,29,52,4,5,4,7,7,9,76.99,Fake
1044,90,99,82,89,0,1,1,0,0,0,14.11,Genuine
215,15,12,47,32,4,4,6,7,5,9,78.66,Fake
4550,90,82,87,92,0,1,0,0,0,1,16.74,Genuine
1128,46,45,52,80,1,3,3,3,3,2,46.59,Suspicious
1578,72,40,66,61,2,2,3,2,2,2,40.16,Suspicious
794,98,99,82,85,1,1,1,0,1,1,20.06,Genuine
4622,74,72,47,45,4,1,0,1,3,3,40.35,Suspicious
2139,21,51,40,21,6,2,3,5,6,5,77.35,Fake
349,53,10,19,20,5,5,6,7,3,4,78.79,Fake
3603,51,53,70,62,3,2,3,4,1,3,42.21,Suspicious
4973,77,49,78,52,1,1,3,1,3,2,36.27,Suspicious
581,62,71,74,80,1,3,0,4,1,3,27.99,Suspicious
2538,90,87,89,86,1,1,0,1,0,1,17.34,Genuine
1188,93,81,89,86,1,1,0,1,1,1,15.28,Genuine
493,31,35,28,30,7,3,2,6,3,3,71.17,Fake
185,50,44,39,14,6,7,4,7,6,8,81.11,Fake
3610,87,86,85,86,0,0,0,0,0,1,10.73,Genuine
4396,97,80,84,86,0,1,1,0,0,1,14.49,Genuine
2554,56,39,33,50,3,2,6,4,5,4,59.61,Fake
428,80,59,54,68,4,0,0,3,2,1,39.54,Suspicious
2027,17,58,40,21,7,7,7,5,5,4,83.58,Fake
2581,80,93,97,97,1,1,1,1,1,1,19.57,Genuine
269,66,80,71,76,4,0,2,4,2,1,35.52,Suspicious
4450,50,76,77,50,4,1,1,3,1,1,34.91,Suspicious
195,21,52,36,26,4,6,6,6,3,3,77.44,Fake
210,91,82,88,98,0,0,0,1,0,1,13.5,Genuine
4825,23,48,20,17,7,5,4,6,7,4,76.78,Fake
2652,34,44,26,53,5,4,2,6,4,8,74.06,Fake
4532,87,89,100,89,0,1,0,1,1,1,12.83,Genuine
2061,52,70,68,57,4,3,1,2,3,1,40.68,Suspicious
4086,15,40,25,40,3,7,2,7,5,4,68.22,Fake
3301,36,12,33,34,4,3,5,4,3,7,79.03,Fake
826,69,54,77,55,4,1,3,3,1,3,44.04,Suspicious
4834,72,74,75,57,2,2,3,3,3,2,30.18,Suspicious
2235,71,55,58,78,3,3,2,2,3,1,40.85,Suspicious
1691,98,91,91,93,0,0,1,1,1,0,8.34,Genuine
199,96,91,83,93,1,1,1,1,1,0,9.27,Genuine
4341,62,60,54,65,2,0,3,3,1,1,34.1,Suspicious
3827,72,74,61,78,3,0,0,2,2,1,26.8,Suspicious
3779,12,12,31,31,4,4,4,7,5,7,88.11,Fake
717,83,80,87,97,0,0,0,1,1,1,14.68,Genuine
1404,69,59,59,71,3,3,1,2,2,2,39.25,Suspicious
3138,47,52,54,10,5,3,4,5,5,5,69.85,Fake
104,97,90,83,96,0,1,1,0,0,0,10.2,Genuine
3159,47,41,50,65,1,1,3,3,3,1,43.1,Suspicious
3968,87,93,86,88,1,0,0,0,1,1,14.4,Genuine
2153,56,16,60,55,6,6,2,5,6,5,66.85,Fake
433,82,83,83,92,0,0,0,0,1,1,13.78,Genuine
2664,68,72,75,78,2,3,2,4,1,2,38.43,Suspicious
4106,26,41,11,45,3,4,4,4,6,8,79.83,Fake
394,81,100,81,90,0,0,0,1,1,0,7.18,Genuine
3758,94,90,98,97,0,1,1,1,0,1,15.21,Genuine
1638,60,66,67,68,4,2,0,3,3,1,42.33,Suspicious
4854,82,89,80,95,1,0,1,0,1,0,17.02,Genuine
4000,21,50,17,41,3,2,6,7,2,3,66.34,Fake
3420,46,44,55,54,3,2,1,3,3,1,42.51,Suspicious
4528,51,47,64,56,3,0,3,1,2,2,44.86,Suspicious
1400,57,59,80,56,1,0,0,2,2,1,26.75,Suspicious
3479,92,100,90,95,0,1,0,0,1,1,11.79,Genuine
3342,56,24,44,28,9,4,6,4,3,5,86.02,Fake
4368,94,83,99,94,1,1,0,1,0,1,12.98,Genuine
3355,80,77,79,51,3,3,1,2,3,1,31.86,Suspicious
3849,48,19,33,42,8,4,6,4,2,7,83.34,Fake
4975,31,20,29,38,5,2,3,4,2,9,76.87,Fake
4553,53,56,49,40,7,2,2,4,4,6,69.43,Fake
1515,43,25,47,60,4,2,4,6,3,7,72.06,Fake
886,87,91,92,97,0,1,0,0,1,0,5.6,Genuine
4137,81,98,87,86,0,0,1,0,1,0,12.32,Genuine
4142,10,18,36,16,7,7,4,7,2,4,81.13,Fake
2674,90,92,90,87,1,0,0,1,0,0,12.84,Genuine
1507,42,20,59,43,8,4,2,3,5,9,87.9,Fake
709,65,51,70,45,1,0,1,3,1,3,38.11,Suspicious
3703,36,31,30,33,5,3,2,7,5,7,80.63,Fake
3816,81,91,95,87,1,0,1,1,1,1,16.32,Genuine
583,63,64,59,49,3,0,1,4,1,3,40.79,Suspicious
1853,17,14,19,59,6,7,4,5,6,9,85.35,Fake
920,53,57,75,61,3,1,2,1,1,2,40.58,Suspicious
2481,91,98,86,85,1,0,1,0,0,1,15.19,Genuine
2140,50,42,59,50,2,0,2,3,2,1,39.79,Suspicious
3382,58,65,52,71,3,3,3,4,3,1,38.12,Suspicious
1509,90,86,85,88,1,1,0,0,0,0,13.49,Genuine
446,35,58,48,50,9,3,7,7,7,4,76.76,Fake
882,92,93,80,96,0,1,1,1,1,1,18.26,Genuine
3830,29,39,47,12,6,3,7,7,6,4,73.11,Fake
4749,82,87,98,88,1,1,1,1,1,0,17.57,Genuine
1818,65,57,55,71,3,1,0,2,1,1,29.33,Suspicious
4179,66,52,65,65,4,0,0,1,2,2,37.49,Suspicious
4595,100,88,91,100,0,0,0,1,0,0,6.66,Genuine
5000,83,96,84,93,0,1,1,0,0,1,13.91,Genuine
2059,71,55,58,58,3,0,3,2,2,1,43.25,Suspicious
3943,55,70,76,71,2,2,1,2,1,1,27.96,Suspicious
4119,59,55,17,33,6,7,7,7,2,4,74.55,Fake
4073,92,83,80,86,0,1,1,1,1,1,18.47,Genuine
614,73,78,46,55,3,2,3,1,2,2,40.57,Suspicious
4357,78,77,47,52,4,2,1,1,1,3,40.76,Suspicious
3494,56,64,49,48,4,3,0,1,3,3,46.25,Suspicious
1630,88,81,82,90,0,1,0,1,0,1,12.51,Genuine
637,24,47,25,26,4,3,4,6,4,8,83.49,Fake
1201,55,55,61,49,4,3,1,3,3,2,42.86,Suspicious
2927,82,87,84,89,1,0,0,0,1,0,13.57,Genuine
3123,97,80,91,88,1,1,1,0,1,1,20.58,Genuine
1349,89,88,87,87,0,0,1,1,1,0,12.99,Genuine
1786,63,73,69,60,4,2,0,3,2,3,38.56,Suspicious
3393,55,47,69,46,2,0,3,4,3,3,45.17,Suspicious
4420,95,98,94,96,0,1,0,1,0,1,12.9,Genuine
1573,25,17,38,32,7,2,7,5,6,8,84.73,Fake
1626,39,45,44,11,4,4,3,6,5,9,78.41,Fake
4773,10,45,49,33,8,6,3,4,3,7,82.05,Fake
4585,73,43,54,61,2,0,3,4,1,2,34.7,Suspicious
3051,18,37,55,25,9,7,7,5,3,9,86.85,Fake
1573,69,56,70,48,4,0,1,2,1,3,40.41,Suspicious
4239,51,15,26,55,7,7,3,3,6,9,81.76,Fake
4092,80,42,53,54,4,3,1,2,1,3,44.44,Suspicious
2026,10,44,25,39,5,2,3,4,5,5,73.2,Fake
2827,58,66,63,75,2,0,1,1,3,1,30.89,Suspicious
3529,93,83,87,93,1,0,0,1,1,1,16.1,Genuine
3663,92,100,89,95,0,1,0,1,1,0,3.95,Genuine
3775,30,44,16,27,5,5,4,4,6,6,79.41,Fake
2384,40,20,31,12,4,2,7,3,5,9,80.65,Fake
2229,69,49,74,54,2,1,0,2,1,2,33.9,Suspicious
977,71,76,70,47,3,1,1,2,2,2,36.56,Suspicious
1740,50,48,31,58,3,3,7,4,2,4,67.49,Fake
709,87,83,90,89,1,1,1,0,1,1,27.37,Genuine
2284,57,78,64,76,2,1,2,1,1,1,32.27,Suspicious
1055,52,74,46,77,4,1,0,2,1,2,35.8,Suspicious
3874,46,43,68,62,3,0,1,4,2,1,33.91,Suspicious
1138,62,62,65,55,3,0,3,1,3,2,41.0,Suspicious
4157,61,58,46,59,3,2,0,2,2,1,37.93,Suspicious
3475,98,84,100,94,1,0,0,1,1,0,7.74,Genuine
2225,50,38,44,59,4,5,6,3,2,5,68.47,Fake
2952,63,71,74,70,3,0,1,3,3,2,35.83,Suspicious
289,67,58,73,64,1,3,1,3,2,1,33.59,Suspicious
3580,48,43,56,51,1,0,0,4,3,2,35.88,Suspicious
2360,99,97,99,97,0,0,0,1,0,1,9.29,Genuine
3061,48,35,39,50,9,2,6,6,2,6,80.14,Fake
3583,28,41,32,12,3,5,2,6,6,7,75.41,Fake
4831,97,80,89,91,1,1,0,0,1,0,6.58,Genuine
3245,20,11,10,37,6,2,4,6,4,9,89.49,Fake
3679,65,50,78,74,2,3,1,3,2,3,41.56,Suspicious
166,95,88,81,91,1,0,0,1,1,0,8.51,Genuine
2850,100,97,87,95,0,0,0,1,1,1,8.54,Genuine
3980,45,71,76,68,4,0,3,4,1,2,37.65,Suspicious
3800,98,89,93,99,1,1,1,1,0,1,13.9,Genuine
4272,91,80,82,88,1,1,0,1,1,1,13.93,Genuine
487,63,65,61,72,3,2,3,4,1,3,47.96,Suspicious
3681,89,97,80,96,1,1,0,0,1,1,17.72,Genuine
3718,97,83,83,96,1,0,1,0,1,0,11.17,Genuine
3910,90,96,94,93,0,0,0,0,1,1,9.24,Genuine
1219,16,13,10,24,6,7,7,4,2,7,80.29,Fake
483,97,100,100,93,1,0,1,1,0,1,11.91,Genuine
4224,83,80,94,94,1,1,0,1,0,1,15.7,Genuine
1503,54,49,64,45,2,0,1,3,2,2,32.74,Suspicious
1015,89,88,91,98,0,0,0,1,1,1,9.13,Genuine
2700,13,34,59,10,9,5,5,6,7,3,77.74,Fake
3951,73,44,69,75,2,0,1,4,3,3,32.7,Suspicious
1289,23,52,41,21,9,5,3,7,3,9,90.43,Fake
3546,31,30,31,37,3,3,2,4,3,3,61.96,Fake
2760,41,51,51,12,3,4,5,5,6,4,67.78,Fake
3409,43,45,55,48,9,7,6,6,3,5,83.32,Fake
979,82,99,89,88,1,0,0,0,0,0,7.49,Genuine
4957,83,92,86,92,1,0,0,0,0,1,10.72,Genuine
4457,54,10,53,29,6,6,6,5,4,5,85.27,Fake
118,41,40,51,53,8,4,3,6,3,7,79.32,Fake
4291,41,38,12,17,5,3,7,5,2,7,83.58,Fake
2201,86,94,84,92,1,1,0,1,0,0,6.04,Genuine
1374,49,32,49,19,4,3,3,6,2,5,67.0,Fake
2311,64,72,78,73,2,0,3,3,2,1,31.2,Suspicious
1677,90,96,84,91,0,0,1,0,0,0,10.46,Genuine
3414,94,86,96,100,1,1,1,1,1,1,18.35,Genuine
651,54,15,46,42,7,7,6,6,7,5,85.48,Fake
3491,37,23,14,42,8,3,2,5,7,7,80.49,Fake
3590,41,32,28,24,5,7,7,7,2,5,84.6,Fake
2862,58,75,51,78,2,3,1,1,3,2,39.77,Suspicious
4492,98,96,92,86,1,0,1,0,1,1,11.01,Genuine
2196,18,34,58,45,9,4,7,3,5,7,78.69,Fake
4438,80,88,82,95,1,1,1,1,0,1,19.93,Genuine
4585,42,58,26,55,4,7,7,6,2,9,71.46,Fake
3843,35,14,24,55,3,5,3,7,2,6,77.26,Fake
1677,55,33,59,41,9,7,3,5,3,4,76.9,Fake
588,21,39,42,46,4,5,4,4,7,9,73.59,Fake
1614,52,74,47,76,2,2,3,2,3,1,37.37,Suspicious
4956,75,64,74,48,1,1,2,4,1,2,30.72,Suspicious
389,37,10,60,15,6,6,2,6,5,6,82.44,Fake
3130,94,98,99,90,0,0,0,1,1,1,10.26,Genuine
1425,55,57,36,33,4,4,7,6,3,4,69.2,Fake
2058,78,53,66,61,4,2,2,2,1,1,38.18,Suspicious
1501,38,53,45,53,9,5,7,5,6,6,81.9,Fake
3067,70,62,66,71,1,3,3,4,1,2,39.2,Suspicious
2311,49,78,51,76,4,0,1,2,2,1,35.96,Suspicious
398,86,84,100,87,1,0,0,0,0,1,11.82,Genuine
727,16,45,44,28,5,3,6,6,3,4,73.01,Fake
4035,75,80,78,51,1,0,1,1,2,3,28.89,Suspicious
2159,91,96,88,89,1,1,1,1,1,0,15.77,Genuine
4617,77,52,60,66,1,3,1,3,3,1,34.1,Suspicious
2977,39,38,19,41,3,2,4,4,6,9,76.33,Fake
4049,62,58,80,70,1,2,3,1,2,3,33.05,Suspicious
3478,86,90,97,95,0,0,1,0,0,0,7.59,Genuine
222,33,31,53,54,4,6,2,4,4,6,70.45,Fake
1998,32,19,60,39,8,6,6,6,3,8,83.88,Fake
4409,69,69,74,80,3,3,2,3,2,1,33.36,Suspicious
3625,72,41,76,70,2,0,2,4,2,3,38.61,Suspicious
201,60,55,57,73,1,1,3,1,1,1,33.55,Suspicious
500,11,39,37,26,6,5,6,7,2,4,80.74,Fake
723,87,83,95,99,1,1,1,1,1,1,13.75,Genuine
1280,37,33,51,37,8,7,6,3,6,4,80.7,Fake
1079,83,83,84,95,0,1,1,1,1,1,16.89,Genuine
972,84,82,80,88,0,1,1,1,1,1,19.53,Genuine
2653,91,89,100,99,0,0,0,1,0,1,10.56,Genuine
2427,56,56,45,32,6,3,2,3,6,7,64.97,Fake
2503,82,91,83,89,1,0,1,0,0,0,12.76,Genuine
4402,81,96,81,87,1,0,0,0,0,1,14.33,Genuine
2208,50,15,30,51,4,4,5,5,4,4,67.4,Fake
1383,87,99,98,87,1,1,0,0,0,0,7.84,Genuine
382,78,50,58,59,3,1,2,1,2,2,40.56,Suspicious
2665,31,58,27,30,5,3,7,3,3,9,77.84,Fake
697,59,76,72,46,1,1,3,2,2,1,31.78,Suspicious
4721,89,83,80,92,1,1,0,0,1,0,6.44,Genuine
1628,99,98,91,88,0,0,0,0,1,0,0.97,Genuine
3061,63,71,63,68,4,3,0,4,2,1,35.8,Suspicious
2980,87,91,88,85,1,0,1,0,0,1,15.09,Genuine
2266,95,96,98,88,1,1,0,1,1,0,10.67,Genuine
4477,84,99,84,91,1,0,0,1,0,0,14.64,Genuine
4801,32,47,38,53,7,5,4,3,3,4,75.38,Fake
2736,31,42,53,56,4,3,5,4,3,4,64.86,Fake
3026,93,89,87,96,0,1,1,0,1,1,15.24,Genuine
391,85,84,89,86,0,1,0,1,0,1,17.63,Genuine
178,26,50,15,50,3,3,5,7,3,8,75.23,Fake
3289,46,70,76,53,3,0,1,1,1,3,34.15,Suspicious
995,87,96,99,95,0,1,0,1,1,1,15.34,Genuine
747,35,45,14,56,8,4,5,4,7,4,77.06,Fake
1260,32,47,59,39,6,3,2,7,2,7,76.76,Fake
4788,94,80,86,96,0,1,0,0,1,0,11.61,Genuine
3388,15,36,44,30,6,4,2,6,5,5,71.58,Fake
4350,23,49,32,27,7,5,4,6,2,6,87.53,Fake
4543,78,42,76,48,4,0,0,1,1,2,35.87,Suspicious
1305,70,75,55,50,4,0,2,3,2,1,35.78,Suspicious
4177,63,41,61,58,4,2,1,2,3,2,46.95,Suspicious
289,80,83,86,98,1,1,1,0,0,1,19.87,Genuine
4593,94,83,85,87,0,1,0,1,1,1,14.81,Genuine
1627,79,79,57,60,3,0,2,3,1,3,37.45,Suspicious
4515,93,90,83,96,1,0,1,0,0,1,15.9,Genuine
4494,27,27,47,42,5,2,3,6,6,6,74.47,Fake
1342,42,11,27,55,9,7,7,5,2,5,81.64,Fake
2253,98,89,92,99,1,0,0,1,1,0,14.32,Genuine
2872,81,94,84,94,1,1,1,0,1,1,18.45,Genuine
4600,88,94,91,95,0,1,0,0,0,0,9.37,Genuine
3728,100,99,80,93,1,0,1,0,0,1,11.25,Genuine
3597,56,65,71,73,3,1,0,1,1,3,38.41,Suspicious
4199,47,71,57,65,4,0,1,4,3,2,46.29,Suspicious
3516,86,81,87,86,0,0,0,1,1,1,13.43,Genuine
2834,95,86,85,96,0,0,0,1,0,1,11.26,Genuine
4100,86,80,81,88,1,1,0,1,1,1,16.98,Genuine
1115,57,57,61,74,2,2,1,1,1,2,36.21,Suspicious
4289,82,89,89,100,1,0,1,0,1,1,14.65,Genuine
961,60,47,66,78,4,3,1,4,3,3,51.27,Suspicious
2998,63,58,80,53,4,2,3,2,3,1,42.08,Suspicious
4470,80,80,80,87,0,0,1,0,1,0,18.31,Genuine
3561,66,70,51,70,3,1,1,4,3,1,40.74,Suspicious
3755,89,96,94,96,1,1,1,0,1,0,11.42,Genuine
4394,66,65,78,51,2,0,0,1,1,3,32.34,Suspicious
4921,56,48,49,48,5,4,4,7,3,8,78.82,Fake
202,17,40,44,36,6,3,5,4,5,6,79.14,Fake
4005,29,33,18,30,8,2,6,7,7,8,92.4,Fake
4929,68,72,77,53,3,0,2,3,2,2,33.81,Suspicious
568,59,75,68,73,2,1,1,2,2,3,32.07,Suspicious
1141,86,95,88,100,1,0,1,0,1,0,7.84,Genuine
2598,64,47,64,80,1,0,2,2,1,2,34.96,Suspicious
1468,89,97,100,86,0,0,1,0,1,1,13.7,Genuine
2625,57,42,10,48,3,7,3,6,4,5,68.45,Fake
2526,49,31,18,40,4,3,7,4,3,6,76.12,Fake
971,21,54,22,58,4,5,2,7,6,7,77.96,Fake
3123,50,49,54,69,2,2,2,1,3,3,37.83,Suspicious
763,48,55,57,64,3,0,2,1,2,2,36.37,Suspicious
1632,60,27,22,26,5,2,6,6,5,7,79.57,Fake
3605,99,94,97,97,1,1,1,1,0,1,13.12,Genuine
2709,51,58,36,59,4,6,6,6,2,8,70.58,Fake
211,81,93,88,94,0,0,0,1,1,0,16.8,Genuine
2071,98,90,98,86,1,0,1,1,1,0,5.45,Genuine
1492,53,42,52,48,4,3,2,1,1,3,50.51,Suspicious
2564,58,80,52,60,2,0,1,1,1,2,36.2,Suspicious
546,65,61,65,74,3,3,3,3,3,1,31.37,Suspicious
3833,49,15,21,60,6,5,2,4,7,3,71.04,Fake
4321,54,41,68,55,4,2,2,4,3,2,49.12,Suspicious
491,80,48,67,51,3,0,0,2,2,2,36.23,Suspicious
4275,99,100,86,93,1,1,1,1,1,1,13.65,Genuine
1671,80,46,61,45,2,2,3,4,2,2,43.19,Suspicious
1978,56,55,52,22,9,4,2,4,4,6,78.17,Fake
4546,91,86,91,87,1,0,0,1,0,1,10.25,Genuine
4812,55,67,54,49,1,3,3,3,1,1,40.19,Suspicious
2745,76,44,66,72,4,0,3,3,2,3,41.63,Suspicious
3050,75,50,52,56,3,0,1,1,3,3,42.55,Suspicious
532,37,40,42,59,5,6,3,3,6,7,72.79,Fake
811,52,69,80,55,3,0,2,3,2,2,37.77,Suspicious
385,96,96,83,86,1,0,0,0,0,0,5.8,Genuine
1725,95,85,89,96,0,0,1,1,0,0,8.33,Genuine
4980,26,38,12,26,4,7,2,4,6,8,80.12,Fake
1593,60,64,70,53,3,2,0,1,1,1,39.84,Suspicious
1245,65,78,60,67,1,1,1,1,3,1,21.44,Suspicious
3225,98,85,86,89,1,1,1,1,1,0,17.36,Genuine
3059,97,87,89,87,1,0,1,1,1,1,11.45,Genuine
2256,48,57,70,66,3,0,0,3,2,3,36.71,Suspicious
1674,94,100,87,92,1,1,0,1,0,1,10.88,Genuine
2746,85,98,82,98,0,0,0,0,1,1,9.98,Genuine
3886,34,31,25,39,4,6,6,7,3,5,81.27,Fake
4952,45,49,71,52,4,2,2,4,3,2,42.64,Suspicious
3069,48,29,27,59,9,5,7,5,7,7,87.42,Fake
1310,54,56,45,55,1,2,3,4,3,1,40.9,Suspicious
4658,95,81,84,99,0,0,1,0,0,0,12.77,Genuine
991,47,11,16,27,5,3,4,3,4,5,72.68,Fake
2100,15,19,46,21,6,2,4,4,6,3,68.09,Fake
1261,81,98,87,95,1,0,1,1,0,1,20.39,Genuine
1546,28,32,50,25,9,7,4,7,3,7,88.14,Fake
1520,98,90,91,95,1,1,1,0,0,0,16.33,Genuine
4679,74,74,74,50,2,1,0,4,2,2,32.98,Suspicious
4449,86,95,91,98,0,1,1,1,0,1,16.94,Genuine
2964,45,15,46,31,7,2,4,6,6,4,70.37,Fake
474,97,98,89,94,0,1,1,1,0,0,10.31,Genuine
4747,80,86,92,98,0,0,1,1,0,0,8.72,Genuine
1211,19,44,45,22,4,5,4,4,5,4,67.66,Fake
3209,37,41,45,39,4,4,7,6,3,6,86.08,Fake
3999,77,42,61,56,3,0,2,1,2,3,41.28,Suspicious
4642,56,55,49,21,7,7,4,3,6,3,71.96,Fake
1128,100,87,84,87,1,1,1,0,1,1,15.76,Genuine
232,69,77,74,66,2,0,3,1,2,3,33.53,Suspicious
4164,59,45,70,70,4,2,0,1,3,1,40.59,Suspicious
1720,61,71,68,46,1,1,3,1,2,2,39.46,Suspicious
1244,23,25,19,29,6,3,3,3,7,7,80.12,Fake
2655,39,35,16,16,7,2,7,4,6,3,77.48,Fake
1282,54,28,34,49,8,2,4,3,3,8,86.12,Fake
1153,51,79,61,79,2,3,2,4,3,3,45.84,Suspicious
4080,79,45,63,50,2,2,0,3,3,3,39.77,Suspicious
415,77,63,76,54,3,0,1,1,1,3,40.08,Suspicious
3992,64,75,63,46,2,3,0,4,1,2,41.38,Suspicious
866,13,55,48,17,6,6,4,4,4,5,75.4,Fake
2637,27,17,16,43,6,2,4,4,3,7,83.13,Fake
2863,84,90,92,87,0,1,0,1,1,0,9.2,Genuine
4936,88,84,81,90,0,0,0,1,1,1,13.05,Genuine
3292,85,95,99,96,0,0,0,0,1,0,7.26,Genuine
3183,72,55,71,47,1,0,1,2,2,2,31.86,Suspicious
4314,81,92,80,90,1,1,1,0,0,1,16.7,Genuine
4815,87,96,93,96,0,0,1,1,1,1,13.55,Genuine
3592,60,65,67,77,2,0,1,3,2,2,30.8,Suspicious
186,86,100,85,92,0,0,0,0,1,0,6.48,Genuine
4751,94,88,93,86,1,0,1,0,1,1,15.44,Genuine
1677,46,36,30,16,5,2,7,4,7,4,74.0,Fake
1111,89,82,85,89,1,0,1,0,1,0,11.77,Genuine
529,54,38,44,20,3,4,4,3,7,9,67.64,Fake
3461,100,96,95,100,1,1,1,0,1,1,9.43,Genuine
4826,45,60,66,49,4,3,1,1,1,3,49.36,Suspicious
4041,80,90,85,91,0,1,1,1,1,1,17.09,Genuine
3323,87,91,97,86,0,0,0,0,0,1,8.77,Genuine
2764,54,43,80,79,3,2,2,2,2,2,42.84,Suspicious
1619,66,43,80,77,2,2,2,1,3,1,31.26,Suspicious
4291,13,30,12,14,5,6,4,5,2,4,82.48,Fake
2145,100,90,97,88,0,0,0,0,0,1,10.97,Genuine
3411,31,52,22,17,5,2,2,6,5,7,78.23,Fake
242,18,34,57,56,3,4,3,7,4,9,71.24,Fake
658,97,81,82,97,1,0,0,0,0,1,19.84,Genuine
3460,76,45,60,47,1,3,1,3,3,3,40.06,Suspicious
3687,84,97,89,91,1,1,0,0,0,0,13.5,Genuine
733,66,48,76,54,2,2,0,4,3,3,39.81,Suspicious
4941,60,47,67,62,2,1,0,4,3,1,39.11,Suspicious
3067,69,69,58,51,1,1,3,4,1,2,38.46,Suspicious
1755,91,80,100,92,1,1,0,0,0,1,13.19,Genuine
2742,97,83,93,86,1,0,1,0,1,1,19.86,Genuine
4285,51,48,18,31,3,7,2,5,3,5,68.82,Fake
3488,48,37,15,25,6,2,7,5,3,4,69.57,Fake
4791,87,93,87,89,1,0,1,0,0,1,14.73,Genuine
3913,31,18,26,47,4,6,3,7,7,7,80.09,Fake
3144,85,85,84,90,0,0,1,0,0,0,12.18,Genuine
1469,74,54,80,71,1,1,0,2,2,3,24.07,Suspicious
4445,55,37,10,48,4,3,7,6,4,4,70.8,Fake
2227,51,25,47,11,4,3,6,6,3,9,80.76,Fake
4518,18,20,32,57,5,3,4,6,5,8,78.56,Fake
4581,69,51,51,51,3,3,0,1,3,3,44.74,Suspicious
1345,80,84,83,99,0,0,0,1,0,1,12.38,Genuine
2411,77,54,73,46,3,0,1,4,1,3,37.49,Suspicious
2104,59,55,55,72,3,1,3,2,3,1,41.44,Suspicious
4503,20,38,30,48,7,2,4,5,3,8,80.95,Fake
4576,84,85,92,97,1,1,1,0,0,0,16.02,Genuine
3638,97,86,100,85,1,1,1,1,1,1,13.39,Genuine
2306,42,14,18,30,9,3,2,7,5,7,85.83,Fake
3251,87,87,86,85,0,0,0,1,1,0,11.45,Genuine
3084,52,56,79,80,3,3,0,1,2,3,37.54,Suspicious
3300,16,11,19,12,3,4,5,3,3,7,83.26,Fake
3934,49,77,48,61,2,0,0,1,3,2,27.02,Suspicious
286,87,83,95,86,0,0,1,0,1,1,16.96,Genuine
4686,86,96,87,96,1,1,1,1,0,1,14.75,Genuine
1193,81,98,98,97,0,0,1,0,0,0,9.62,Genuine
1939,84,87,89,98,0,0,1,0,0,0,7.03,Genuine
2902,62,69,49,55,1,1,0,4,2,1,35.02,Suspicious
4480,98,85,87,94,0,0,0,0,1,1,12.37,Genuine
2512,20,10,57,58,4,2,7,5,3,5,66.91,Fake
105,26,18,36,15,8,5,5,5,4,4,86.26,Fake
3467,68,74,50,61,2,2,3,2,2,2,40.95,Suspicious
2901,59,62,46,67,4,2,0,2,2,3,46.16,Suspicious
3522,68,71,53,63,3,0,0,1,2,2,30.08,Suspicious
4370,91,91,95,93,1,0,1,1,0,1,11.72,Genuine
382,60,10,38,57,9,6,7,6,5,9,88.02,Fake
159,46,76,63,77,3,1,0,1,3,1,26.49,Suspicious
4883,60,78,78,59,2,1,3,4,1,1,40.95,Suspicious
2927,33,43,19,15,6,7,6,7,5,9,84.26,Fake
3359,82,92,94,86,0,1,0,0,0,0,7.54,Genuine
671,29,10,46,18,3,2,4,5,7,9,79.73,Fake
3338,47,45,76,46,4,0,2,4,3,1,40.29,Suspicious
3149,84,89,85,85,1,0,1,1,0,0,14.27,Genuine
657,53,40,68,54,3,1,3,4,2,3,45.33,Suspicious
4299,60,53,27,15,4,4,7,7,2,5,79.41,Fake
3794,78,62,75,57,1,2,3,3,2,2,34.96,Suspicious
2023,45,72,66,56,3,3,0,4,2,3,44.02,Suspicious
267,90,83,84,91,0,1,0,1,1,1,17.06,Genuine
2996,78,60,68,57,1,1,1,3,3,3,39.3,Suspicious
4275,99,84,86,88,0,0,0,0,0,1,10.48,Genuine
3907,86,91,81,97,1,1,1,1,0,0,10.45,Genuine
3243,81,83,87,90,0,1,0,0,1,0,10.84,Genuine
3245,70,56,53,49,1,2,1,3,1,3,37.6,Suspicious
2369,73,75,72,52,2,0,1,4,3,1,30.01,Suspicious
2071,71,69,59,53,2,0,1,1,3,1,30.9,Suspicious
2398,45,60,52,10,9,2,6,6,5,5,78.11,Fake
456,25,45,32,31,9,2,6,7,5,3,79.37,Fake
4493,49,33,26,16,5,3,2,5,5,7,75.08,Fake
3995,45,43,66,66,2,1,2,3,1,3,43.75,Suspicious
902,31,29,42,14,8,5,7,5,3,8,89.09,Fake
2713,14,19,18,34,7,6,6,7,5,5,95.77,Fake
1639,75,77,46,71,4,2,2,2,3,1,39.26,Suspicious
1820,67,55,75,55,2,3,3,4,1,3,49.52,Suspicious
1057,86,91,88,90,0,1,0,0,1,0,10.81,Genuine
4517,51,32,26,21,9,4,7,3,7,3,75.08,Fake
2087,27,57,55,20,7,3,5,5,5,4,76.44,Fake
791,17,28,50,35,6,5,4,4,7,4,71.49,Fake
2590,98,84,81,85,1,0,0,0,1,1,16.55,Genuine
1727,41,40,58,25,6,3,3,4,4,5,65.88,Fake
4600,23,39,24,59,7,7,4,5,7,3,72.94,Fake
4168,21,53,13,56,3,7,4,7,7,3,65.49,Fake
3121,70,54,80,71,4,1,3,3,1,2,40.22,Suspicious
3229,78,71,77,75,4,0,0,2,2,2,28.79,Suspicious
1455,80,91,90,100,1,1,1,1,0,1,15.14,Genuine
1577,53,12,22,15,5,7,6,5,2,9,82.9,Fake
4883,97,99,87,87,1,1,0,1,0,1,16.05,Genuine
1841,71,54,72,48,1,3,1,3,3,1,32.8,Suspicious
4554,33,38,31,60,4,5,5,4,5,8,76.5,Fake
2419,99,84,91,85,1,1,1,1,1,1,25.42,Genuine
3143,51,14,28,52,4,4,7,4,3,6,82.12,Fake
3491,54,36,35,16,4,6,4,7,5,4,77.87,Fake
4589,69,52,71,57,2,3,1,3,1,1,35.56,Suspicious
705,92,92,80,88,1,1,1,0,1,1,18.77,Genuine
4438,54,13,48,31,3,2,6,7,3,5,65.82,Fake
583,25,23,10,41,7,5,2,5,7,8,82.51,Fake
2650,72,69,47,59,1,3,0,4,3,1,31.22,Suspicious
3180,73,77,59,60,3,1,1,3,1,1,36.71,Suspicious
4684,25,42,11,23,8,2,3,4,2,9,88.72,Fake
3276,97,94,100,89,0,0,0,0,1,1,9.42,Genuine
4912,99,81,83,97,0,0,1,0,1,0,10.92,Genuine
1732,45,50,73,73,4,3,1,3,2,1,39.54,Suspicious
2291,82,87,93,94,0,1,1,0,0,1,21.6,Genuine
2244,84,95,83,98,1,0,0,1,0,1,16.51,Genuine
241,79,43,46,72,3,1,2,2,2,1,37.99,Suspicious
3660,84,91,90,97,1,0,1,0,0,0,12.5,Genuine
2165,47,80,57,55,2,1,2,2,1,1,37.65,Suspicious
2815,93,82,97,92,0,1,1,0,1,0,9.18,Genuine
4127,58,58,56,47,3,3,3,3,1,1,42.09,Suspicious
1070,24,42,40,26,5,5,6,7,4,3,76.51,Fake
1369,36,32,43,43,9,3,5,4,5,8,84.99,Fake
1606,95,85,93,100,1,0,0,0,1,1,14.69,Genuine
3350,67,77,55,59,2,1,2,3,3,1,39.31,Suspicious
4853,45,27,34,54,8,2,7,4,2,8,79.74,Fake
1623,64,54,51,57,2,0,1,1,1,3,41.66,Suspicious
4828,95,93,83,91,1,0,1,1,0,1,10.73,Genuine
4849,86,98,83,98,1,1,1,0,1,0,8.81,Genuine
2091,88,97,91,91,1,1,0,1,1,0,10.09,Genuine
3166,69,68,78,60,1,1,2,3,1,1,26.67,Suspicious
2250,51,15,19,31,9,6,5,5,2,9,93.37,Fake
4938,27,26,35,17,9,2,5,5,2,8,90.85,Fake
172,67,59,64,55,2,0,0,1,1,3,33.13,Suspicious
2611,29,21,47,25,7,7,5,7,4,3,76.47,Fake
3981,48,10,42,51,7,7,7,7,5,6,80.56,Fake
1433,65,66,65,55,1,3,1,2,3,1,33.35,Suspicious
2135,90,85,83,100,1,1,1,0,1,0,17.21,Genuine
2195,45,43,69,55,2,2,0,4,1,2,37.77,Suspicious
866,96,98,92,90,1,0,0,0,1,1,5.14,Genuine
2826,96,82,86,93,0,1,1,0,1,0,10.75,Genuine
4191,83,84,90,97,1,0,0,1,1,0,8.28,Genuine
4121,20,52,27,49,3,5,7,6,2,6,72.28,Fake
3849,55,51,57,52,1,0,3,2,2,1,30.03,Suspicious
2066,82,95,91,99,0,1,0,0,0,0,5.21,Genuine
2798,47,55,53,27,6,6,5,3,6,5,74.18,Fake
564,45,60,80,50,2,0,0,4,3,3,45.42,Suspicious
2036,90,89,97,88,1,0,1,0,1,0,11.75,Genuine
1826,91,85,99,96,1,1,0,0,1,0,8.26,Genuine
2099,18,33,11,49,6,2,6,6,2,4,80.42,Fake
1340,17,31,50,29,7,3,2,5,4,6,72.34,Fake
247,93,90,95,88,1,0,0,1,0,1,7.73,Genuine
2675,25,18,58,17,3,3,6,3,7,8,75.84,Fake
4386,84,97,93,86,1,1,1,1,1,1,18.66,Genuine
4529,57,53,53,41,8,3,5,5,2,8,73.99,Fake
2952,84,86,88,91,0,1,1,1,1,1,19.08,Genuine
3618,52,80,55,45,3,3,2,4,2,2,49.93,Suspicious
4488,87,99,84,95,1,1,1,0,0,1,9.37,Genuine
3279,85,87,98,89,1,0,1,1,1,1,14.15,Genuine
2401,89,95,89,97,1,0,0,1,1,1,12.01,Genuine
517,67,43,51,50,1,2,1,3,3,2,35.36,Suspicious
1165,89,90,92,93,0,0,0,0,1,0,15.62,Genuine
1573,84,89,96,89,1,1,0,1,1,0,10.1,Genuine
579,81,81,81,94,0,0,1,1,1,0,10.0,Genuine
2425,96,84,92,96,0,0,1,0,0,1,11.01,Genuine
1125,63,48,56,74,3,1,0,3,2,1,31.46,Suspicious
2536,51,56,57,65,3,0,0,3,1,1,33.0,Suspicious
1322,28,30,31,18,3,2,4,3,5,3,59.53,Fake
2229,94,86,91,95,0,0,0,0,1,0,4.87,Genuine
3313,53,13,50,31,8,4,6,5,5,3,80.98,Fake
1929,45,26,58,14,9,4,6,4,4,9,87.79,Fake
2633,96,87,82,96,0,1,0,0,1,1,12.07,Genuine
2228,28,13,12,24,6,4,2,3,2,3,74.66,Fake
3079,87,91,94,97,1,1,0,0,1,0,12.58,Genuine
3637,75,40,60,72,1,1,2,3,2,2,34.27,Suspicious
3877,66,59,57,65,3,0,0,1,1,1,31.46,Suspicious
766,57,38,13,27,8,7,4,3,4,8,85.34,Fake
929,39,59,18,44,7,4,5,4,5,5,79.33,Fake
4393,56,42,71,46,1,3,1,4,2,2,40.82,Suspicious
855,58,34,44,25,5,6,2,3,2,7,76.97,Fake
2441,18,36,34,13,3,7,6,7,2,9,82.31,Fake
1687,32,41,51,26,8,6,2,4,6,3,72.96,Fake
2508,72,67,71,77,4,2,3,2,2,2,37.58,Suspicious
329,34,56,43,20,9,4,2,4,3,7,77.43,Fake
4731,94,88,81,91,0,0,1,0,1,0,9.19,Genuine
1977,90,80,92,99,1,0,0,1,0,0,16.27,Genuine
2433,60,53,47,74,2,3,2,1,3,2,38.41,Suspicious
3232,12,10,26,51,5,7,2,3,4,8,82.06,Fake
1534,86,96,86,90,0,0,1,1,0,1,16.26,Genuine
4093,49,64,45,68,1,1,3,1,3,3,41.84,Suspicious
2080,36,29,56,24,8,4,6,7,2,6,82.61,Fake
610,98,90,100,90,0,1,1,1,0,1,10.47,Genuine
3507,88,94,94,94,1,1,0,0,0,1,10.63,Genuine
382,18,22,45,46,4,7,3,6,4,4,76.42,Fake
318,44,41,43,46,6,6,6,6,5,5,80.66,Fake
179,85,86,100,93,0,0,1,0,1,0,7.47,Genuine
3409,79,63,47,63,4,0,3,4,2,1,35.03,Suspicious
4232,24,27,59,11,9,4,6,5,5,9,91.34,Fake
1529,80,97,93,90,0,1,0,1,1,1,10.05,Genuine
4374,18,21,50,24,4,4,4,7,5,9,80.2,Fake
4485,89,90,88,88,0,0,1,0,0,1,13.35,Genuine
4562,16,56,60,27,9,3,4,3,2,9,85.31,Fake
4154,43,35,44,40,6,3,3,7,6,3,66.78,Fake
214,93,100,82,100,0,1,1,0,0,0,17.14,Genuine
534,37,57,45,49,3,5,6,6,2,3,64.03,Fake
3698,92,80,82,100,1,1,1,0,0,0,14.85,Genuine
761,70,53,69,70,3,0,0,4,3,3,32.79,Suspicious
3249,91,95,86,95,1,1,0,1,1,0,13.45,Genuine
2676,100,82,88,91,1,0,0,0,0,1,9.12,Genuine
4359,97,82,99,98,0,0,0,0,1,1,6.81,Genuine
1792,63,47,78,46,3,1,2,3,1,3,39.71,Suspicious
3007,59,71,60,72,3,1,0,2,2,2,33.14,Suspicious
3342,46,54,47,38,7,2,4,4,2,6,73.44,Fake
697,25,60,24,50,6,3,7,3,6,4,67.55,Fake
2646,51,78,78,78,3,3,0,4,3,3,40.86,Suspicious
2190,60,54,62,51,3,1,3,3,3,1,38.93,Suspicious
298,99,93,82,91,1,1,1,1,1,1,15.63,Genuine
2481,90,99,99,93,0,0,0,0,0,1,10.04,Genuine
3361,59,79,76,55,1,1,0,1,2,1,32.72,Suspicious
1437,98,88,96,99,1,0,1,1,0,0,9.97,Genuine
3418,95,97,92,85,1,0,0,1,0,1,8.59,Genuine
930,85,90,88,99,1,0,0,0,1,1,12.2,Genuine
4779,93,85,96,87,1,0,1,1,1,0,18.67,Genuine
2775,84,93,82,98,0,0,1,0,1,1,10.57,Genuine
1412,81,88,92,86,1,1,0,1,0,0,13.61,Genuine
909,96,82,82,96,0,1,1,0,0,1,17.32,Genuine
3251,91,94,85,86,1,0,1,0,1,1,16.8,Genuine
526,95,82,91,91,0,1,1,0,1,0,6.81,Genuine
1293,92,95,80,98,1,0,0,1,1,1,17.32,Genuine
4920,49,78,46,71,1,3,0,1,3,2,36.02,Suspicious
4480,89,83,91,99,1,1,0,1,1,1,14.62,Genuine
3291,68,46,54,77,1,1,2,4,2,3,35.28,Suspicious
2338,56,52,14,35,7,5,7,3,4,5,77.34,Fake
4331,48,51,73,63,1,1,1,3,1,1,31.97,Suspicious
2555,18,14,17,30,3,4,5,4,6,7,77.53,Fake
3465,72,54,50,64,2,1,1,1,3,1,36.28,Suspicious
2781,82,86,89,97,1,1,0,0,1,1,16.06,Genuine
970,94,90,87,89,1,1,1,1,1,1,18.0,Genuine
3889,80,57,54,56,2,2,2,1,2,1,38.1,Suspicious
1064,74,80,67,49,1,3,1,1,1,1,30.53,Suspicious
1767,100,98,87,92,1,1,0,0,0,0,9.71,Genuine
2359,86,89,89,95,1,0,0,0,0,1,19.52,Genuine
616,55,77,59,76,3,1,3,1,1,2,37.61,Suspicious
2739,53,38,37,25,8,5,3,7,5,8,84.41,Fake
651,48,13,21,33,9,2,6,3,6,7,90.11,Fake
1816,19,56,12,11,8,6,2,5,5,4,79.71,Fake
3891,55,40,55,68,2,1,1,3,3,3,45.03,Suspicious
534,75,65,65,80,1,3,3,2,1,1,31.85,Suspicious
3998,21,15,31,41,3,5,2,7,3,8,74.83,Fake
1684,44,31,60,32,9,6,2,7,2,9,84.16,Fake
4828,26,26,30,24,5,2,2,4,5,4,76.7,Fake
4142,93,94,83,88,0,0,1,1,0,0,17.31,Genuine
1662,58,53,40,48,5,5,3,3,3,3,61.45,Fake
621,54,51,56,74,2,1,3,3,1,3,41.25,Suspicious
2694,80,98,88,96,1,0,0,1,0,1,13.57,Genuine
289,56,53,64,58,2,0,0,3,2,1,30.61,Suspicious
603,39,29,12,32,5,3,3,6,2,9,84.4,Fake
596,82,98,89,99,1,0,0,1,1,1,15.4,Genuine
4215,56,64,74,59,3,3,3,4,2,1,35.24,Suspicious
3207,58,59,52,71,1,0,0,1,3,3,31.88,Suspicious
1791,67,58,58,54,3,0,2,2,1,3,48.33,Suspicious
2485,76,71,63,73,1,1,1,3,3,3,36.52,Suspicious
3129,94,87,88,99,1,1,0,1,0,1,17.58,Genuine
1602,81,80,91,97,1,0,0,1,0,1,16.33,Genuine
2582,21,38,34,60,6,6,7,3,6,5,81.76,Fake
1600,18,14,55,51,4,6,2,3,3,7,77.34,Fake
1786,25,35,60,18,5,5,5,3,3,8,81.16,Fake
1963,90,93,95,88,0,1,0,1,0,1,11.17,Genuine
1686,71,41,50,46,2,0,3,2,2,2,41.12,Suspicious
4436,65,47,45,72,1,2,1,1,2,1,27.89,Suspicious
4790,76,58,66,78,3,1,3,2,1,2,34.66,Suspicious
4383,63,45,62,80,2,0,1,3,2,1,27.41,Suspicious
3827,38,57,57,43,3,6,6,6,7,3,67.61,Fake
308,72,73,60,55,1,3,1,3,1,1,34.2,Suspicious
4372,44,20,58,52,9,4,6,5,7,8,80.99,Fake
1078,57,56,57,57,2,3,1,1,2,2,35.61,Suspicious
4041,32,57,48,32,4,6,2,6,7,5,72.63,Fake
1030,97,85,95,96,0,1,1,1,0,1,9.5,Genuine
4812,42,33,56,54,8,7,6,7,7,6,82.69,Fake
2074,53,24,24,38,9,2,2,3,7,9,83.38,Fake
2535,33,39,17,31,3,5,3,3,6,8,77.37,Fake
3190,80,60,66,53,2,2,0,2,1,1,33.58,Suspicious
1443,35,12,22,47,6,7,4,3,5,5,80.26,Fake
4475,27,37,59,25,5,6,5,4,7,4,72.21,Fake
3232,29,15,20,26,3,2,4,6,5,4,72.92,Fake
3237,59,63,59,75,2,1,1,2,2,1,37.71,Suspicious
1814,53,59,64,45,2,2,3,2,1,1,37.68,Suspicious
1239,81,99,91,97,1,1,0,1,0,1,16.42,Genuine
3628,61,41,52,80,2,2,3,4,2,1,40.68,Suspicious
2095,91,81,80,93,1,1,0,1,0,0,11.24,Genuine
742,57,43,67,50,2,0,1,4,2,1,29.99,Suspicious
4461,78,62,53,45,1,3,2,2,1,2,38.2,Suspicious
1601,56,50,26,48,9,7,6,3,2,5,83.67,Fake
4421,86,88,93,89,0,0,0,0,1,0,8.58,Genuine
469,89,88,87,94,1,0,0,1,1,1,4.91,Genuine
145,59,45,48,42,3,7,3,4,3,9,68.26,Fake
1810,90,87,100,99,0,1,0,1,1,1,11.22,Genuine
2399,53,50,23,53,4,4,2,3,5,6,61.9,Fake
2389,59,59,69,58,3,2,2,4,2,1,43.01,Suspicious
3355,76,69,64,57,3,2,1,4,3,1,37.62,Suspicious
419,91,90,92,89,0,0,0,1,0,0,10.54,Genuine
4220,58,41,41,17,5,5,5,7,7,8,79.5,Fake
1367,20,32,11,39,5,6,7,3,6,4,72.76,Fake
2487,88,84,95,86,0,1,0,0,1,0,15.54,Genuine
4763,87,80,94,88,1,0,0,0,1,1,14.98,Genuine
3225,60,76,48,58,2,2,3,4,3,3,44.77,Suspicious
666,89,99,88,95,1,1,1,0,1,1,17.67,Genuine
1315,49,60,51,69,1,0,0,2,3,1,29.07,Suspicious
3101,82,84,91,96,1,0,1,0,0,1,12.48,Genuine
481,32,18,49,35,5,7,6,3,4,5,82.76,Fake
2056,53,45,14,41,5,7,4,6,3,8,79.51,Fake
839,67,74,77,69,2,0,3,1,2,2,30.3,Suspicious
3874,84,92,82,93,1,1,1,1,0,0,13.35,Genuine
862,58,55,47,17,8,6,4,6,3,9,74.08,Fake
4498,78,43,67,64,2,1,0,3,1,1,30.64,Suspicious
1262,95,91,89,93,0,1,1,0,0,1,12.71,Genuine
933,56,12,10,22,8,6,5,3,3,3,80.48,Fake
944,30,10,12,22,9,7,7,4,7,7,96.45,Fake
3461,83,82,84,99,0,1,0,0,0,0,10.1,Genuine
4004,88,87,80,89,0,1,1,0,1,0,10.58,Genuine
1263,82,84,94,87,0,1,1,0,0,0,14.9,Genuine
190,48,49,60,63,3,1,0,4,3,1,37.1,Suspicious
3695,93,82,90,95,1,0,1,0,0,1,12.92,Genuine
834,97,83,94,95,0,1,0,1,0,1,12.78,Genuine
2242,42,46,58,10,7,4,3,5,4,9,84.44,Fake
3110,69,62,45,77,3,3,0,2,1,2,44.44,Suspicious
100,99,94,100,96,0,1,1,1,0,0,7.76,Genuine
4286,20,33,14,48,8,5,6,3,4,6,78.83,Fake
912,99,97,99,88,0,1,1,0,0,0,13.26,Genuine
4501,74,78,58,71,1,2,0,4,1,1,28.43,Suspicious
540,28,52,24,15,6,2,6,6,3,8,88.39,Fake
449,89,80,94,99,1,1,1,1,1,1,14.41,Genuine
2218,76,76,49,64,3,2,2,3,1,3,39.9,Suspicious
3636,83,86,99,87,0,1,1,1,0,0,10.74,Genuine
1577,57,68,63,47,4,3,2,2,3,3,49.09,Suspicious
787,85,88,93,92,1,1,0,0,0,1,10.93,Genuine
4411,34,36,19,59,6,5,2,3,3,4,69.07,Fake
697,55,52,71,52,2,3,3,4,1,3,48.58,Suspicious
2224,98,99,94,93,0,1,1,1,1,0,9.13,Genuine
621,95,98,86,90,1,0,0,1,0,1,16.56,Genuine
2834,55,63,50,70,3,0,2,3,2,3,45.52,Suspicious
1456,58,59,66,55,3,2,0,2,1,1,36.47,Suspicious
3145,86,92,92,89,0,1,1,1,0,1,15.48,Genuine
1179,38,47,10,39,4,2,4,4,3,6,68.81,Fake
3031,44,31,48,10,8,6,6,3,5,4,76.26,Fake
1998,53,24,15,27,8,2,6,3,4,4,76.86,Fake
1086,27,39,23,18,4,2,5,5,3,5,78.16,Fake
1579,45,42,76,64,1,0,1,1,2,3,33.99,Suspicious
3322,92,85,85,90,1,0,1,0,0,0,14.03,Genuine
620,60,51,50,19,6,5,4,4,2,8,74.16,Fake
4334,83,91,84,91,0,1,1,0,1,0,13.58,Genuine
1277,87,86,80,92,0,1,1,1,0,0,14.75,Genuine
216,51,39,10,55,3,7,3,5,2,4,68.91,Fake
2929,86,80,81,91,0,1,0,1,1,0,15.49,Genuine
1632,24,43,20,32,5,4,4,5,6,9,82.75,Fake
567,40,35,16,22,8,6,5,6,3,4,81.43,Fake
3622,47,62,79,68,3,0,3,2,2,3,44.54,Suspicious
4851,92,88,88,85,0,0,1,0,1,1,7.48,Genuine
1209,50,28,49,24,4,6,3,4,5,4,63.14,Fake
2919,95,97,89,97,1,0,0,1,0,1,17.15,Genuine
3625,99,84,99,93,1,0,0,0,1,1,11.53,Genuine
2207,85,89,83,100,0,0,1,0,0,1,16.39,Genuine
1039,86,92,90,94,0,1,1,1,0,0,6.84,Genuine
2635,26,36,44,14,4,6,7,7,6,6,81.0,Fake
2086,24,14,36,26,9,2,2,4,3,3,72.31,Fake
2671,96,97,81,85,1,1,1,0,1,0,9.62,Genuine
3030,40,58,52,25,6,7,5,5,3,9,81.4,Fake
4474,96,99,88,95,0,0,0,1,1,1,14.21,Genuine
4161,98,82,94,89,1,1,0,1,0,1,15.37,Genuine
1322,46,17,57,42,9,5,7,5,6,9,87.57,Fake
4700,100,88,81,90,1,1,1,1,1,0,12.12,Genuine
4143,61,40,75,75,2,0,2,2,1,2,29.5,Suspicious
1427,100,89,98,93,1,1,1,1,0,1,12.96,Genuine
1030,85,97,92,86,1,0,1,1,0,1,15.31,Genuine
3811,45,53,76,54,1,0,2,1,2,2,26.55,Suspicious
1919,51,56,45,50,2,1,2,4,1,2,46.79,Suspicious
1247,86,94,82,89,0,0,1,1,0,0,8.51,Genuine
2372,77,41,71,59,3,0,0,2,1,1,25.28,Suspicious
3192,52,66,47,77,3,2,0,3,1,1,39.51,Suspicious
4446,89,85,100,97,0,1,0,1,1,1,12.15,Genuine
1064,91,99,88,91,1,1,1,1,0,0,11.16,Genuine
4541,85,94,90,86,0,1,0,1,1,0,8.27,Genuine
3175,25,10,51,27,8,3,7,7,2,8,92.46,Fake
2487,12,37,11,43,8,7,6,4,2,7,88.01,Fake
3392,95,97,97,87,1,0,0,0,1,0,3.08,Genuine
4918,34,27,53,16,5,7,4,7,3,7,82.42,Fake
4838,57,76,74,70,4,0,0,2,2,1,24.98,Suspicious
129,54,75,58,46,1,3,3,2,1,3,41.48,Suspicious
4251,84,87,91,100,0,0,1,0,1,0,11.84,Genuine
519,82,100,84,88,1,0,1,1,0,0,18.18,Genuine
3814,31,27,25,45,6,6,6,6,6,5,85.64,Fake
3132,83,95,90,90,0,1,1,0,1,0,12.97,Genuine
1984,59,12,30,25,5,7,3,4,2,4,75.03,Fake
1977,28,31,27,24,7,2,4,7,6,5,78.05,Fake
2403,86,96,94,93,1,1,1,1,0,1,17.49,Genuine
4318,90,89,96,89,1,1,1,0,0,0,12.13,Genuine
1711,87,88,91,86,0,1,1,1,1,0,6.44,Genuine
1329,89,82,100,90,0,1,0,1,1,0,11.76,Genuine
4975,85,100,83,90,1,1,0,0,0,1,15.47,Genuine
4771,69,43,78,69,4,3,1,4,3,1,37.15,Suspicious
3979,65,78,67,64,2,1,1,1,3,3,34.24,Suspicious
1615,59,77,71,65,4,1,1,4,3,2,35.76,Suspicious
4923,88,82,90,99,1,1,0,0,0,1,14.09,Genuine
1969,93,89,83,87,0,0,0,1,0,1,13.09,Genuine
3852,43,10,15,15,5,2,6,3,3,5,78.51,Fake
200,62,42,69,57,1,3,3,1,3,3,48.89,Suspicious
3164,66,79,52,48,3,3,3,4,2,2,40.62,Suspicious
4175,56,44,71,59,2,0,3,4,3,1,37.96,Suspicious
3793,62,51,57,46,1,0,3,4,3,2,45.27,Suspicious
3020,41,47,55,18,6,3,4,6,6,9,78.49,Fake
2659,40,60,48,43,8,3,7,7,3,5,78.04,Fake
2595,92,86,82,99,0,1,0,1,1,0,9.46,Genuine
800,73,45,73,76,1,0,0,3,2,3,27.48,Suspicious
1905,84,81,90,86,0,0,0,0,1,1,13.11,Genuine
1367,20,44,48,19,5,3,6,4,5,6,75.95,Fake
358,70,52,70,45,4,2,3,1,2,2,46.23,Suspicious
2443,56,45,64,63,4,3,3,2,1,1,38.39,Suspicious
1330,52,64,61,73,1,3,2,3,2,2,42.72,Suspicious
3587,48,64,76,64,2,2,3,2,2,1,32.21,Suspicious
2830,68,67,55,66,2,1,1,1,2,1,31.71,Suspicious
333,57,18,14,35,9,7,4,3,4,4,73.32,Fake
2801,39,35,54,38,5,6,3,5,6,5,73.88,Fake
2805,47,50,17,20,8,4,2,3,5,3,71.51,Fake
2468,15,51,60,46,8,7,4,5,7,4,78.28,Fake
2111,12,43,59,41,7,7,4,7,7,9,83.63,Fake
355,48,28,46,26,4,7,7,7,6,3,76.2,Fake
3544,68,44,75,79,2,2,3,4,3,2,38.63,Suspicious
4897,69,65,74,61,1,3,1,3,1,2,29.95,Suspicious
3313,80,98,82,90,1,0,1,0,1,0,7.66,Genuine
1417,78,61,67,48,3,1,0,1,3,3,38.68,Suspicious
3693,94,95,96,100,0,0,1,0,0,1,6.47,Genuine
2567,17,56,44,23,3,5,3,6,3,8,77.65,Fake
3817,58,51,73,59,4,2,1,1,1,2,39.31,Suspicious
4537,49,54,40,31,5,3,4,5,2,8,72.91,Fake
1445,96,97,89,90,1,0,1,1,1,0,12.02,Genuine
4825,51,41,14,42,9,2,6,6,7,7,87.71,Fake
325,54,59,53,17,3,4,7,6,4,9,74.37,Fake
2427,71,40,59,71,4,0,0,1,3,3,36.33,Suspicious
2243,16,16,56,48,8,4,2,6,3,9,87.13,Fake
536,26,10,51,46,5,3,7,3,7,8,79.61,Fake
1580,26,41,50,15,5,5,2,4,2,6,77.67,Fake
564,47,53,64,48,3,1,2,3,1,3,45.86,Suspicious
3573,56,56,70,49,1,3,1,3,3,1,31.82,Suspicious
1409,49,68,50,56,3,2,2,4,1,3,43.83,Suspicious
2866,86,95,86,86,1,1,1,1,0,0,13.17,Genuine
4360,50,77,65,79,3,3,0,4,1,3,43.01,Suspicious
2313,95,95,100,100,1,1,0,0,0,1,6.34,Genuine
603,84,88,91,93,1,0,0,0,0,1,13.07,Genuine
730,72,54,61,70,4,0,0,1,1,1,34.73,Suspicious
996,51,16,24,18,6,7,5,6,4,4,73.91,Fake
2002,41,60,55,22,3,3,7,3,3,9,69.61,Fake
3687,86,83,85,91,1,0,0,0,1,0,7.25,Genuine
4965,92,98,90,86,0,0,1,0,0,1,17.78,Genuine
1421,76,56,45,71,2,3,2,1,1,3,44.31,Suspicious
3904,82,97,90,89,0,1,0,1,0,1,9.09,Genuine
3447,95,98,88,98,0,1,0,1,1,0,4.79,Genuine
3729,98,88,98,91,1,1,0,1,1,0,13.04,Genuine
2792,97,90,88,100,0,1,1,1,1,1,10.34,Genuine
409,81,86,95,90,1,0,0,0,0,1,13.68,Genuine
1923,59,73,55,45,3,1,2,4,3,1,38.83,Suspicious
190,55,49,47,71,3,0,2,4,3,1,35.43,Suspicious
4960,19,34,31,40,9,5,6,6,7,8,89.85,Fake
1825,97,97,81,89,0,0,0,1,1,0,6.13,Genuine
1472,21,44,49,11,4,2,6,4,2,8,74.25,Fake
1205,44,56,49,57,5,4,4,3,3,6,70.76,Fake
3747,83,98,94,100,0,1,0,1,1,1,16.01,Genuine
327,80,46,69,73,1,3,1,4,2,3,44.52,Suspicious
4554,95,91,96,100,1,1,1,0,1,1,15.55,Genuine
4643,55,72,59,58,3,1,0,4,1,2,33.27,Suspicious
3670,84,91,86,93,1,0,1,1,1,1,16.11,Genuine
2149,65,75,46,72,2,0,1,4,2,2,38.67,Suspicious
4343,79,59,45,47,1,0,0,4,3,3,36.2,Suspicious
681,27,27,10,41,7,2,6,5,4,3,76.96,Fake
4088,69,49,72,72,1,0,2,4,2,3,34.28,Suspicious
4999,24,24,49,43,8,6,6,4,5,6,84.37,Fake
1499,25,50,19,33,4,2,3,6,3,7,73.19,Fake
160,53,63,74,45,4,1,0,2,2,3,45.41,Suspicious
2872,51,20,27,21,3,4,5,3,2,7,78.78,Fake
1462,97,96,98,100,0,1,1,0,1,1,16.11,Genuine
253,22,40,46,35,5,5,3,6,2,3,61.91,Fake
2026,54,77,71,68,4,1,1,1,3,3,32.6,Suspicious
122,94,86,85,93,1,1,0,1,0,1,20.62,Genuine
465,84,91,84,89,1,1,0,1,1,1,18.4,Genuine
2003,11,38,13,35,5,5,3,3,4,4,72.28,Fake
690,59,64,77,58,4,1,2,3,1,2,43.74,Suspicious
811,13,59,42,36,9,7,3,5,5,9,89.29,Fake
1990,79,41,79,53,3,2,0,2,3,3,41.69,Suspicious
4588,14,52,45,45,5,3,2,3,3,6,73.05,Fake
366,96,93,94,98,0,0,0,1,0,1,6.31,Genuine
2692,14,27,25,17,3,7,3,6,7,9,83.67,Fake
2023,67,68,76,70,1,0,3,3,3,2,36.1,Suspicious
3744,86,95,80,85,0,0,0,1,0,0,14.75,Genuine
4120,38,39,39,29,9,7,6,4,3,9,85.8,Fake
2338,26,12,39,13,9,4,7,7,7,4,91.2,Fake
2489,45,78,73,47,3,2,0,3,3,2,36.63,Suspicious
1679,58,78,77,73,4,3,0,3,2,3,39.78,Suspicious
2734,84,87,91,88,1,0,0,0,0,0,10.18,Genuine
4072,47,56,58,58,2,1,2,1,2,1,38.26,Suspicious
4787,100,89,88,91,0,1,1,1,1,1,15.78,Genuine
2902,49,72,58,60,4,1,3,2,3,3,45.2,Suspicious
1025,31,58,12,37,8,7,7,5,4,3,80.94,Fake
2934,83,98,82,99,0,1,1,0,1,0,11.02,Genuine
3195,24,53,39,20,7,6,3,4,4,3,72.02,Fake
2834,82,88,84,85,0,1,0,1,1,0,12.53,Genuine
1426,86,87,98,90,0,1,1,0,0,1,14.71,Genuine
3951,48,79,60,52,4,3,1,3,2,3,51.14,Suspicious
1221,48,53,45,77,4,1,2,3,3,2,48.65,Suspicious
4019,100,97,86,99,0,1,1,1,1,1,12.52,Genuine
1377,94,88,87,95,1,1,1,0,0,1,17.27,Genuine
156,81,84,96,92,1,1,1,1,0,1,18.24,Genuine
1129,45,47,75,55,1,2,3,3,3,2,37.84,Suspicious
2148,71,45,80,72,1,0,2,3,2,3,36.49,Suspicious
127,24,28,56,59,4,5,5,6,4,5,71.84,Fake
4254,49,50,48,63,3,1,0,3,1,1,41.93,Suspicious
2456,16,39,22,36,9,5,4,7,7,3,79.71,Fake
1463,34,21,60,42,9,2,2,4,5,5,67.55,Fake
1467,40,29,53,34,3,3,6,5,4,6,71.14,Fake
434,76,48,71,77,3,1,2,1,1,1,23.97,Suspicious
461,68,47,45,54,3,2,1,2,2,1,37.75,Suspicious
435,53,35,43,59,4,5,2,5,6,3,55.4,Fake
1073,52,50,53,50,4,0,1,1,1,1,43.92,Suspicious
4693,76,59,65,59,1,0,3,1,1,1,28.54,Suspicious
1828,75,50,74,59,1,2,2,4,3,2,33.71,Suspicious
326,94,93,94,94,1,0,1,0,0,0,11.4,Genuine
3125,94,95,83,96,1,0,0,1,1,0,14.58,Genuine
128,82,100,88,100,1,1,1,0,1,1,20.2,Genuine
1838,62,78,77,67,1,0,2,1,1,3,27.49,Suspicious
1222,97,99,91,95,1,1,1,0,0,1,12.41,Genuine
973,47,74,50,69,1,0,1,4,1,2,32.28,Suspicious
2056,98,96,97,98,0,1,0,0,1,0,9.17,Genuine
648,58,41,62,50,3,3,0,4,3,2,47.74,Suspicious
3840,98,87,98,95,0,1,0,0,0,0,8.11,Genuine
1354,93,80,86,93,0,1,1,1,0,1,13.18,Genuine
586,83,99,86,88,1,0,0,0,0,0,6.56,Genuine
4096,78,68,65,49,1,0,2,2,2,3,33.06,Suspicious
4802,63,55,70,58,3,1,3,3,3,2,44.94,Suspicious
1967,22,29,24,47,4,5,6,3,6,3,73.36,Fake
3375,47,45,57,80,3,1,0,1,1,3,39.58,Suspicious
4094,67,78,59,48,1,1,0,1,2,1,30.64,Suspicious
2668,61,69,73,51,1,1,2,4,2,1,25.26,Suspicious
3939,96,96,90,96,1,0,0,0,1,1,13.04,Genuine
3220,31,26,45,23,4,4,2,5,7,3,61.58,Fake
4779,56,58,48,78,3,1,0,2,1,3,45.7,Suspicious
4904,12,51,41,41,3,7,4,4,6,4,67.88,Fake
621,95,97,81,100,0,0,1,0,0,1,11.88,Genuine
3777,60,50,79,52,4,2,1,1,2,1,34.1,Suspicious
3777,56,51,51,72,2,3,2,1,3,1,42.67,Suspicious
4847,93,82,87,94,0,1,1,0,1,0,13.49,Genuine
4002,51,28,15,16,5,5,5,4,3,9,80.44,Fake
1748,88,80,82,93,1,1,1,1,1,1,17.69,Genuine
4954,41,38,54,30,5,4,7,5,4,3,72.78,Fake
3214,12,20,12,37,4,4,7,6,2,4,78.05,Fake
1548,74,77,59,69,2,1,0,2,3,1,21.43,Suspicious
4055,40,18,14,37,9,2,4,4,4,4,82.72,Fake
3548,96,86,81,96,0,1,1,0,0,1,17.04,Genuine
3144,90,97,85,85,1,1,0,0,0,0,11.99,Genuine
1440,91,91,99,91,0,1,0,0,1,1,8.55,Genuine
676,79,57,53,46,3,1,1,1,2,3,38.19,Suspicious
3066,48,24,26,44,3,3,7,7,3,6,76.34,Fake
269,88,90,89,95,1,1,1,1,1,1,22.67,Genuine
2947,14,30,15,13,3,6,5,3,3,5,80.92,Fake
3978,68,48,52,58,3,0,1,2,1,3,37.54,Suspicious
3760,96,96,98,97,0,1,0,1,1,1,7.65,Genuine
3168,31,32,35,35,3,5,7,6,4,4,72.78,Fake
4760,43,19,19,52,6,7,5,6,4,9,80.77,Fake
1865,85,87,91,97,0,1,0,0,1,0,5.68,Genuine
3345,57,54,46,55,4,1,1,2,1,3,46.94,Suspicious
4152,97,97,88,85,1,1,0,1,0,0,15.41,Genuine
1786,78,52,56,80,4,2,2,1,3,3,39.87,Suspicious
4565,97,92,90,94,0,0,1,1,1,0,11.94,Genuine
3483,30,54,18,54,8,7,6,5,3,8,83.37,Fake
1384,53,10,45,32,7,7,4,3,4,5,77.83,Fake
2623,17,58,58,37,9,6,5,3,5,4,76.52,Fake
4943,64,57,50,56,1,0,1,2,2,2,35.92,Suspicious
2426,95,100,89,93,1,1,1,0,1,1,16.8,Genuine
3903,25,44,18,48,5,6,4,4,5,6,76.04,Fake
1135,51,51,47,70,2,1,3,4,1,3,44.36,Suspicious
1223,93,90,89,94,0,1,1,1,0,0,7.93,Genuine
3165,58,60,52,77,2,0,3,3,2,2,40.71,Suspicious
109,86,96,89,97,1,1,1,1,1,1,17.72,Genuine
2062,89,99,95,97,0,1,0,0,0,0,9.26,Genuine
3897,12,22,37,20,5,6,5,7,2,8,82.66,Fake
4201,83,84,100,99,1,0,0,1,1,0,11.79,Genuine
4831,28,11,31,29,3,2,7,3,3,3,67.11,Fake
4478,90,95,97,95,1,1,0,1,0,1,15.76,Genuine
3545,51,47,76,80,1,1,0,4,3,3,37.34,Suspicious
2706,71,74,73,50,4,0,2,1,1,2,32.35,Suspicious
404,55,69,46,77,3,3,0,3,1,3,41.99,Suspicious
4178,65,60,45,47,1,0,1,4,1,1,35.85,Suspicious
4894,62,73,62,75,2,3,3,2,2,3,42.51,Suspicious
1162,49,42,40,53,4,3,3,3,7,8,66.77,Fake
4089,91,100,81,86,0,1,1,1,1,0,15.42,Genuine
1219,46,58,57,35,8,6,2,6,2,8,82.33,Fake
2365,20,21,19,17,6,5,2,6,6,7,83.88,Fake
567,67,67,56,71,3,0,3,3,3,2,34.55,Suspicious
724,12,55,57,47,8,2,5,3,3,5,73.17,Fake
1226,55,59,32,46,6,5,7,7,6,3,74.65,Fake
2490,91,93,87,95,1,1,0,1,0,0,6.64,Genuine
771,90,100,90,89,0,0,0,1,1,1,6.54,Genuine
1369,93,80,99,85,0,1,1,0,1,0,11.82,Genuine
807,56,58,59,40,4,2,3,7,4,7,60.8,Fake
4221,47,59,15,28,6,5,2,5,3,9,79.03,Fake
1759,17,34,20,30,8,3,3,3,2,8,87.37,Fake
536,45,51,51,56,6,5,2,5,5,4,66.89,Fake
2814,23,10,36,42,5,7,6,7,5,8,84.03,Fake
2815,40,18,57,42,7,6,6,3,4,3,71.21,Fake
3482,46,72,67,75,4,0,2,1,1,2,37.21,Suspicious
1068,26,31,22,21,4,2,7,7,7,4,78.77,Fake
3618,83,99,95,91,0,0,0,0,1,0,2.32,Genuine
750,50,39,24,51,6,5,4,6,6,4,70.13,Fake
4426,79,69,48,69,3,2,3,4,3,1,38.19,Suspicious
2054,56,23,37,52,5,2,4,4,7,5,60.37,Fake
4026,39,60,14,33,4,4,4,6,3,9,75.94,Fake
4764,23,44,15,56,9,4,5,3,4,3,73.6,Fake
2566,50,55,45,66,2,1,2,1,3,3,47.19,Suspicious
632,17,23,49,15,3,2,4,4,3,6,75.42,Fake
1548,52,43,58,53,3,3,1,4,3,1,42.74,Suspicious
476,53,65,48,48,1,3,1,2,1,3,39.74,Suspicious
3633,33,38,57,56,4,2,2,6,2,8,72.07,Fake
918,13,36,39,12,8,6,4,6,2,5,91.82,Fake
3033,80,81,93,97,1,0,1,0,0,0,12.33,Genuine
3921,73,46,50,50,4,2,1,3,2,1,44.27,Suspicious
1243,81,95,86,98,0,1,0,0,0,1,7.95,Genuine
3598,80,95,86,87,0,0,0,1,1,0,13.56,Genuine
4965,94,97,93,98,1,0,1,1,1,1,10.3,Genuine
2762,92,95,80,87,1,1,0,1,1,1,22.15,Genuine
2766,100,82,86,98,0,0,1,0,0,1,10.68,Genuine
3713,53,52,59,48,1,3,3,3,1,2,44.15,Suspicious
2891,90,82,100,98,1,0,1,1,0,0,7.6,Genuine
4944,44,32,38,32,6,5,4,6,5,3,78.29,Fake
3063,78,58,63,47,3,1,1,1,2,2,33.91,Suspicious
2465,50,51,71,51,4,3,3,2,3,2,46.67,Suspicious
3747,80,83,86,90,1,1,0,0,1,1,13.31,Genuine
1482,29,43,50,50,5,4,7,6,4,8,77.0,Fake
1651,47,46,46,77,4,3,3,1,2,1,47.17,Suspicious
1169,58,70,71,53,3,1,0,3,2,3,40.87,Suspicious
2177,100,88,80,88,0,1,0,1,1,1,15.0,Genuine
4620,32,20,17,17,7,6,7,6,3,5,90.37,Fake
2562,48,73,45,54,1,2,2,4,1,2,36.94,Suspicious
2630,48,42,52,69,2,1,0,4,1,1,39.2,Suspicious
3127,77,60,45,55,1,1,2,3,1,3,39.98,Suspicious
3757,19,46,38,15,9,4,2,6,5,8,87.45,Fake
4448,95,94,96,85,0,0,1,1,0,0,5.95,Genuine
4515,89,88,99,100,0,1,1,1,1,1,12.29,Genuine
2775,62,46,75,66,2,3,0,4,1,1,36.05,Suspicious
1634,87,100,84,86,0,0,1,0,1,0,9.5,Genuine
706,100,80,99,92,1,1,1,0,0,0,10.91,Genuine
4050,100,86,91,88,1,1,0,1,0,1,12.45,Genuine
168,56,44,69,73,1,0,1,2,1,2,30.47,Suspicious
941,73,55,65,77,1,3,2,1,1,2,35.02,Suspicious
3879,92,84,81,94,0,0,0,1,0,1,15.98,Genuine
4649,95,97,98,91,1,0,0,0,0,0,11.92,Genuine
2599,84,86,80,92,0,0,0,0,1,0,12.07,Genuine
3016,59,35,32,15,6,7,3,7,4,8,83.34,Fake
4741,45,67,73,76,4,2,1,2,2,1,34.37,Suspicious
3100,46,59,64,56,1,0,1,4,1,1,34.81,Suspicious
984,80,96,82,94,0,0,1,1,1,1,17.98,Genuine
4175,82,96,88,100,1,0,1,1,0,1,15.9,Genuine
307,95,86,93,93,0,1,0,0,0,1,8.06,Genuine
1443,53,60,55,49,3,2,0,2,3,1,38.45,Suspicious
4243,60,13,31,20,4,6,2,7,6,5,71.46,Fake
897,67,49,72,77,3,1,2,2,1,3,34.41,Suspicious
1303,27,12,33,10,8,4,7,5,4,5,91.84,Fake
4061,93,99,93,88,1,0,0,0,0,1,13.98,Genuine
2116,47,47,37,24,3,3,4,5,7,3,58.89,Fake
1225,96,100,93,86,0,1,1,0,0,1,7.06,Genuine
4848,18,12,41,20,7,4,2,3,7,4,77.37,Fake
2982,84,100,97,99,1,0,0,0,1,0,9.69,Genuine
1441,63,63,59,67,4,3,3,2,1,1,39.1,Suspicious
1154,43,55,46,52,9,7,5,5,5,7,78.9,Fake
4222,48,68,47,77,2,3,0,1,3,3,38.49,Suspicious
1596,69,56,80,80,3,3,0,2,1,2,36.81,Suspicious
545,33,45,27,32,7,2,5,4,3,9,85.08,Fake
1330,47,50,50,80,1,1,0,4,3,3,38.07,Suspicious
2420,26,30,60,59,5,3,6,6,6,3,65.16,Fake
3217,79,76,56,52,2,0,2,2,1,1,23.89,Suspicious
3648,96,85,81,99,0,1,0,0,0,0,13.01,Genuine
517,51,59,68,45,2,1,1,3,2,1,33.84,Suspicious
272,36,22,31,49,9,2,4,5,5,8,89.75,Fake
4171,91,80,94,99,1,0,1,0,0,1,10.78,Genuine
1533,21,20,55,25,3,6,6,7,7,7,78.96,Fake
3457,39,46,13,43,7,3,2,3,2,3,67.67,Fake
3123,33,18,17,48,9,2,4,3,4,9,87.53,Fake
3515,46,56,40,53,4,6,7,7,2,5,74.25,Fake
1143,61,48,58,74,1,1,1,2,1,2,40.02,Suspicious
629,91,89,88,86,0,0,1,1,1,0,12.18,Genuine
4076,84,92,99,91,1,1,0,1,0,0,0.18,Genuine
4523,68,75,49,50,1,3,0,4,2,1,33.25,Suspicious
3987,89,95,91,91,0,0,1,1,0,0,8.83,Genuine
606,74,65,65,75,4,3,0,1,1,1,35.52,Suspicious
3089,39,31,48,18,9,7,4,3,3,3,78.36,Fake
2810,14,15,35,13,5,5,2,6,2,6,77.86,Fake
2608,57,11,22,17,6,6,3,5,7,4,81.46,Fake
1478,65,42,71,80,1,0,1,3,3,1,25.83,Suspicious
983,44,43,50,23,6,6,2,7,3,9,78.08,Fake
4244,88,86,98,87,1,1,1,0,0,0,7.8,Genuine
1937,70,52,56,66,1,3,1,4,2,2,39.6,Suspicious
3268,21,45,40,26,3,3,4,3,7,5,66.92,Fake
3961,100,97,98,86,1,1,0,0,1,1,12.98,Genuine
1175,32,24,35,12,9,5,6,7,2,9,95.1,Fake
3181,57,57,19,50,6,6,7,6,5,4,83.45,Fake
4182,62,52,60,53,3,3,3,2,3,3,46.08,Suspicious
284,95,85,94,99,0,1,1,0,1,1,8.79,Genuine
2783,48,53,47,27,6,4,4,7,5,7,79.45,Fake
2955,47,76,69,67,1,0,3,3,2,3,44.63,Suspicious
1377,73,47,73,59,1,0,0,2,2,3,28.7,Suspicious
930,45,33,20,14,8,3,6,5,4,5,84.83,Fake
4815,75,42,45,77,2,3,1,2,1,2,34.73,Suspicious
4806,95,99,96,88,0,0,1,0,0,0,8.53,Genuine
159,88,81,95,98,1,0,1,1,0,0,9.35,Genuine
3141,95,88,97,97,1,1,0,1,1,0,13.36,Genuine
4895,92,93,99,86,0,1,0,1,1,0,8.05,Genuine
745,19,48,43,22,7,2,2,5,4,8,84.1,Fake
491,48,10,38,23,3,6,6,4,4,9,81.6,Fake
1966,17,60,40,18,7,2,2,4,4,8,83.7,Fake
246,91,98,82,87,0,1,0,0,1,0,10.19,Genuine
364,87,97,84,88,1,1,1,1,1,0,12.98,Genuine
3057,100,94,82,89,0,1,1,1,1,0,13.2,Genuine
1808,34,36,15,32,9,6,2,6,7,6,86.95,Fake
2333,58,20,10,33,7,3,3,7,5,8,81.02,Fake
3438,47,62,61,51,2,2,1,4,2,2,42.07,Suspicious
3471,89,83,99,100,1,1,0,1,0,0,9.77,Genuine
4731,58,72,60,64,4,0,1,2,3,1,35.61,Suspicious
2163,60,52,46,21,5,2,2,4,4,6,64.45,Fake
3895,69,45,55,71,4,0,2,3,3,1,39.73,Suspicious
1536,26,59,46,27,8,3,2,7,6,5,73.79,Fake
3539,22,18,15,15,3,7,6,3,6,8,73.38,Fake
3321,98,86,97,90,0,0,1,0,0,0,4.57,Genuine
3279,74,57,71,60,1,0,2,1,3,1,27.43,Suspicious
4821,12,44,44,59,8,7,3,5,2,4,74.87,Fake
341,75,46,59,57,4,2,2,1,3,2,36.93,Suspicious
1867,29,53,57,26,6,7,7,4,4,3,67.76,Fake
925,12,23,22,54,4,6,6,5,4,8,77.55,Fake
1309,15,23,59,23,7,5,6,3,5,5,83.09,Fake
1228,93,92,82,97,1,1,0,0,0,1,13.54,Genuine
2348,53,80,78,57,3,2,3,1,1,2,35.33,Suspicious
3721,75,61,48,46,1,1,2,3,2,3,42.9,Suspicious
3112,97,88,89,92,0,0,0,1,0,1,12.13,Genuine
4245,94,85,90,89,0,1,1,0,1,0,15.14,Genuine
4802,54,42,52,37,7,2,6,5,4,7,77.21,Fake
1366,94,81,80,88,1,1,0,0,1,0,13.5,Genuine
527,12,56,60,39,4,2,4,7,5,9,73.25,Fake
3447,53,76,47,78,4,1,2,1,2,3,44.17,Suspicious
1214,54,61,69,59,1,3,0,1,2,2,32.4,Suspicious
294,96,87,98,99,0,1,0,1,1,0,17.31,Genuine
1453,30,48,59,29,5,6,7,5,7,5,74.71,Fake
1315,85,98,91,94,0,0,1,1,1,0,10.75,Genuine
2514,72,42,46,73,1,1,1,2,1,3,38.24,Suspicious
2059,60,55,75,69,1,1,3,1,1,3,37.06,Suspicious
3465,96,90,97,96,0,1,0,0,0,0,1.42,Genuine
285,100,96,93,98,1,0,1,1,1,0,12.45,Genuine
2137,17,14,10,24,6,7,5,7,4,5,84.22,Fake
1404,46,40,38,50,6,4,6,7,6,3,71.67,Fake
1419,93,92,93,94,1,1,0,1,0,1,11.21,Genuine
1071,83,99,93,96,1,0,0,0,1,0,7.03,Genuine
2012,81,88,89,94,0,0,0,1,0,0,11.12,Genuine
2579,54,38,25,38,9,7,6,4,5,3,78.99,Fake
1109,88,86,97,98,1,0,1,0,1,1,14.18,Genuine
594,33,33,21,40,4,3,6,6,4,3,71.98,Fake
2583,86,80,95,93,1,0,1,1,1,1,15.6,Genuine
1000,71,41,64,61,1,0,0,1,1,2,32.0,Suspicious
4100,99,92,84,90,1,1,1,1,1,1,18.54,Genuine
1567,19,34,50,19,9,5,5,6,5,4,81.41,Fake
2665,31,37,24,52,7,3,3,4,3,7,78.04,Fake
2376,81,85,84,98,0,1,1,1,0,0,11.8,Genuine
1145,97,94,98,95,0,1,0,0,1,1,7.81,Genuine
2422,94,93,86,93,1,1,0,1,0,0,11.45,Genuine
792,55,36,28,31,6,4,5,6,6,8,81.71,Fake
1459,67,46,80,48,4,3,1,1,3,3,44.47,Suspicious
4774,81,91,88,90,1,1,0,0,0,1,13.64,Genuine
1292,53,65,74,64,4,0,2,2,3,1,34.66,Suspicious
4818,87,99,83,89,1,0,1,1,1,1,18.83,Genuine
1862,53,65,68,50,3,0,3,3,1,2,42.85,Suspicious
2158,54,41,67,73,4,2,1,3,3,3,45.5,Suspicious
475,83,81,85,96,0,0,0,1,0,1,13.33,Genuine
